<?xml version="1.0" encoding="UTF-8" standalone="yes"?>
<ClusterSourceSet id="-1" name="newmad.1500.cluster.in" weight="1.0">
  <!-- This model is an example and for review purposes only -->
  <!-- Original source file: newmad.1500.cluster.in -->
  <Settings>
    <DefaultMfds>
      <IncrementalMfd floats="false" m="0.0" rate="0.0006667" type="SINGLE" weight="1.0"/>
    </DefaultMfds>
    <SourceProperties ruptureScaling="NSHM_FAULT_WC94_LENGTH"/>
  </Settings>
  <Cluster id="-1" name="NMSZ: West Model" weight="0.01125">
    <Source id="-1" name="Center Section">
      <IncrementalMfd m="7.3" type="SINGLE" weight="0.15"/>
      <IncrementalMfd m="7.5" type="SINGLE" weight="0.2"/>
      <IncrementalMfd m="7.7" type="SINGLE" weight="0.5"/>
      <IncrementalMfd m="8.0" type="SINGLE" weight="0.15"/>
      <Geometry depth="10.0" dip="38.0" rake="0.0" width="15.0">
        <Trace>
-89.88600,36.73400,0.00000
-89.83000,36.34600,0.00000
</Trace>
      </Geometry>
    </Source>
    <Source id="-1" name="South Section">
      <IncrementalMfd m="7.3" type="SINGLE" weight="0.15"/>
      <IncrementalMfd m="7.5" type="SINGLE" weight="0.2"/>
      <IncrementalMfd m="7.7" type="SINGLE" weight="0.5"/>
      <IncrementalMfd m="8.0" type="SINGLE" weight="0.15"/>
      <Geometry depth="10.0" dip="89.0" rake="0.0" width="15.0">
        <Trace>
-89.83000,36.34600,0.00000
-90.71900,35.64700,0.00000
</Trace>
      </Geometry>
    </Source>
  </Cluster>
  <Cluster id="-1" name="NMSZ: Mid-West Model" weight="0.0225">
    <Source id="-1" name="Center Section">
      <IncrementalMfd m="7.3" type="SINGLE" weight="0.15"/>
      <IncrementalMfd m="7.5" type="SINGLE" weight="0.2"/>
      <IncrementalMfd m="7.7" type="SINGLE" weight="0.5"/>
      <IncrementalMfd m="8.0" type="SINGLE" weight="0.15"/>
      <Geometry depth="10.0" dip="38.0" rake="0.0" width="15.0">
        <Trace>
-89.69910,36.70400,0.00000
-89.65750,36.27000,0.00000
</Trace>
      </Geometry>
    </Source>
    <Source id="-1" name="South Section">
      <IncrementalMfd m="7.3" type="SINGLE" weight="0.15"/>
      <IncrementalMfd m="7.5" type="SINGLE" weight="0.2"/>
      <IncrementalMfd m="7.7" type="SINGLE" weight="0.5"/>
      <IncrementalMfd m="8.0" type="SINGLE" weight="0.15"/>
      <Geometry depth="10.0" dip="89.0" rake="0.0" width="15.0">
        <Trace>
-89.65750,36.27000,0.00000
-90.67250,35.54000,0.00000
</Trace>
      </Geometry>
    </Source>
  </Cluster>
  <Cluster id="-1" name="NMSZ: Center Model" weight="0.1575">
    <Source id="-1" name="Center Section">
      <IncrementalMfd m="7.3" type="SINGLE" weight="0.15"/>
      <IncrementalMfd m="7.5" type="SINGLE" weight="0.2"/>
      <IncrementalMfd m="7.7" type="SINGLE" weight="0.5"/>
      <IncrementalMfd m="8.0" type="SINGLE" weight="0.15"/>
      <Geometry depth="10.0" dip="38.0" rake="0.0" width="15.0">
        <Trace>
-89.58700,36.68600,0.00000
-89.51000,36.20500,0.00000
</Trace>
      </Geometry>
    </Source>
    <Source id="-1" name="South Section">
      <IncrementalMfd m="7.3" type="SINGLE" weight="0.15"/>
      <IncrementalMfd m="7.5" type="SINGLE" weight="0.2"/>
      <IncrementalMfd m="7.7" type="SINGLE" weight="0.5"/>
      <IncrementalMfd m="8.0" type="SINGLE" weight="0.15"/>
      <Geometry depth="10.0" dip="89.0" rake="0.0" width="15.0">
        <Trace>
-89.51000,36.20500,0.00000
-90.63300,35.44900,0.00000
</Trace>
      </Geometry>
    </Source>
  </Cluster>
  <Cluster id="-1" name="NMSZ: Mid-East Model" weight="0.0225">
    <Source id="-1" name="Center Section">
      <IncrementalMfd m="7.3" type="SINGLE" weight="0.15"/>
      <IncrementalMfd m="7.5" type="SINGLE" weight="0.2"/>
      <IncrementalMfd m="7.7" type="SINGLE" weight="0.5"/>
      <IncrementalMfd m="8.0" type="SINGLE" weight="0.15"/>
      <Geometry depth="10.0" dip="38.0" rake="0.0" width="15.0">
        <Trace>
-89.46250,36.66700,0.00000
-89.34400,36.17000,0.00000
</Trace>
      </Geometry>
    </Source>
    <Source id="-1" name="South Section">
      <IncrementalMfd m="7.3" type="SINGLE" weight="0.15"/>
      <IncrementalMfd m="7.5" type="SINGLE" weight="0.2"/>
      <IncrementalMfd m="7.7" type="SINGLE" weight="0.5"/>
      <IncrementalMfd m="8.0" type="SINGLE" weight="0.15"/>
      <Geometry depth="10.0" dip="89.0" rake="0.0" width="15.0">
        <Trace>
-89.34400,36.17000,0.00000
-90.51000,35.35000,0.00000
</Trace>
      </Geometry>
    </Source>
  </Cluster>
  <Cluster id="-1" name="NMSZ: East Model" weight="0.01125">
    <Source id="-1" name="Center Section">
      <IncrementalMfd m="7.3" type="SINGLE" weight="0.15"/>
      <IncrementalMfd m="7.5" type="SINGLE" weight="0.2"/>
      <IncrementalMfd m="7.7" type="SINGLE" weight="0.5"/>
      <IncrementalMfd m="8.0" type="SINGLE" weight="0.15"/>
      <Geometry depth="10.0" dip="38.0" rake="0.0" width="15.0">
        <Trace>
-89.27900,36.63900,0.00000
-89.17800,36.13500,0.00000
</Trace>
      </Geometry>
    </Source>
    <Source id="-1" name="South Section">
      <IncrementalMfd m="7.3" type="SINGLE" weight="0.15"/>
      <IncrementalMfd m="7.5" type="SINGLE" weight="0.2"/>
      <IncrementalMfd m="7.7" type="SINGLE" weight="0.5"/>
      <IncrementalMfd m="8.0" type="SINGLE" weight="0.15"/>
      <Geometry depth="10.0" dip="89.0" rake="0.0" width="15.0">
        <Trace>
-89.17800,36.13500,0.00000
-90.41500,35.26000,0.00000
</Trace>
      </Geometry>
    </Source>
  </Cluster>
</ClusterSourceSet>
