<?xml version="1.0" encoding="UTF-8" standalone="yes"?>
<GridSourceSet id="-1" name="CEUSchar.71.in" weight="0.2">
  <!-- This model is an example and for review purposes only -->
  <!-- Original source file: CEUSchar.71.in -->
  <Settings>
    <DefaultMfds>
      <IncrementalMfd floats="false" m="7.1" rate="0.0" type="SINGLE" weight="1.0"/>
    </DefaultMfds>
    <SourceProperties focalMechMap="[STRIKE_SLIP:1.0,NORMAL:0.0,REVERSE:0.0]" magDepthMap="[10.0::[5.0:1.0]]" maxDepth="22.0" ruptureScaling="NSHM_POINT_WC94_LENGTH" strike="20.0"/>
  </Settings>
  <Nodes>
    <Node rate="4.0479845e-06" type="SINGLE">-80.2,32.4,0.0</Node>
    <Node rate="4.0479845e-06" type="SINGLE">-80.1,32.4,0.0</Node>
    <Node rate="4.0434935e-06" type="SINGLE">-80.3,32.5,0.0</Node>
    <Node rate="4.0434935e-06" type="SINGLE">-80.2,32.5,0.0</Node>
    <Node rate="4.0434935e-06" type="SINGLE">-80.1,32.5,0.0</Node>
    <Node rate="4.0434935e-06" type="SINGLE">-80.0,32.5,0.0</Node>
    <Node rate="4.0434935e-06" type="SINGLE">-79.9,32.5,0.0</Node>
    <Node rate="4.0434935e-06" type="SINGLE">-79.8,32.5,0.0</Node>
    <Node rate="4.0389899e-06" type="SINGLE">-80.4,32.6,0.0</Node>
    <Node rate="4.0389899e-06" type="SINGLE">-80.3,32.6,0.0</Node>
    <Node rate="4.0389899e-06" type="SINGLE">-80.2,32.6,0.0</Node>
    <Node rate="4.0389899e-06" type="SINGLE">-80.1,32.6,0.0</Node>
    <Node rate="4.0389899e-06" type="SINGLE">-80.0,32.6,0.0</Node>
    <Node rate="4.0389899e-06" type="SINGLE">-79.9,32.6,0.0</Node>
    <Node rate="4.0389899e-06" type="SINGLE">-79.8,32.6,0.0</Node>
    <Node rate="4.0389899e-06" type="SINGLE">-79.7,32.6,0.0</Node>
    <Node rate="4.0389899e-06" type="SINGLE">-79.6,32.6,0.0</Node>
    <Node rate="4.0389899e-06" type="SINGLE">-79.5,32.6,0.0</Node>
    <Node rate="4.0344780e-06" type="SINGLE">-80.5,32.7,0.0</Node>
    <Node rate="4.0344780e-06" type="SINGLE">-80.4,32.7,0.0</Node>
    <Node rate="4.0344780e-06" type="SINGLE">-80.3,32.7,0.0</Node>
    <Node rate="4.0344780e-06" type="SINGLE">-80.2,32.7,0.0</Node>
    <Node rate="4.0344780e-06" type="SINGLE">-80.1,32.7,0.0</Node>
    <Node rate="4.0344780e-06" type="SINGLE">-80.0,32.7,0.0</Node>
    <Node rate="4.0344780e-06" type="SINGLE">-79.9,32.7,0.0</Node>
    <Node rate="4.0344780e-06" type="SINGLE">-79.8,32.7,0.0</Node>
    <Node rate="4.0344780e-06" type="SINGLE">-79.7,32.7,0.0</Node>
    <Node rate="4.0344780e-06" type="SINGLE">-79.6,32.7,0.0</Node>
    <Node rate="4.0344780e-06" type="SINGLE">-79.5,32.7,0.0</Node>
    <Node rate="4.0344780e-06" type="SINGLE">-79.4,32.7,0.0</Node>
    <Node rate="4.0344780e-06" type="SINGLE">-79.3,32.7,0.0</Node>
    <Node rate="4.0344780e-06" type="SINGLE">-79.2,32.7,0.0</Node>
    <Node rate="4.0299489e-06" type="SINGLE">-80.6,32.8,0.0</Node>
    <Node rate="4.0299489e-06" type="SINGLE">-80.5,32.8,0.0</Node>
    <Node rate="4.0299489e-06" type="SINGLE">-80.4,32.8,0.0</Node>
    <Node rate="4.0299489e-06" type="SINGLE">-80.3,32.8,0.0</Node>
    <Node rate="4.0299489e-06" type="SINGLE">-80.2,32.8,0.0</Node>
    <Node rate="4.0299489e-06" type="SINGLE">-80.1,32.8,0.0</Node>
    <Node rate="4.0299489e-06" type="SINGLE">-80.0,32.8,0.0</Node>
    <Node rate="4.0299489e-06" type="SINGLE">-79.9,32.8,0.0</Node>
    <Node rate="4.0299489e-06" type="SINGLE">-79.8,32.8,0.0</Node>
    <Node rate="4.0299489e-06" type="SINGLE">-79.7,32.8,0.0</Node>
    <Node rate="4.0299489e-06" type="SINGLE">-79.6,32.8,0.0</Node>
    <Node rate="4.0299489e-06" type="SINGLE">-79.5,32.8,0.0</Node>
    <Node rate="4.0299489e-06" type="SINGLE">-79.4,32.8,0.0</Node>
    <Node rate="4.0299489e-06" type="SINGLE">-79.3,32.8,0.0</Node>
    <Node rate="4.0299489e-06" type="SINGLE">-79.2,32.8,0.0</Node>
    <Node rate="4.0254116e-06" type="SINGLE">-80.7,32.9,0.0</Node>
    <Node rate="4.0254116e-06" type="SINGLE">-80.6,32.9,0.0</Node>
    <Node rate="4.0254116e-06" type="SINGLE">-80.5,32.9,0.0</Node>
    <Node rate="4.0254116e-06" type="SINGLE">-80.4,32.9,0.0</Node>
    <Node rate="4.0254116e-06" type="SINGLE">-80.3,32.9,0.0</Node>
    <Node rate="7.4224684e-05" type="SINGLE">-80.2,32.9,0.0</Node>
    <Node rate="7.4224684e-05" type="SINGLE">-80.1,32.9,0.0</Node>
    <Node rate="4.0254116e-06" type="SINGLE">-80.0,32.9,0.0</Node>
    <Node rate="4.0254116e-06" type="SINGLE">-79.9,32.9,0.0</Node>
    <Node rate="4.0254116e-06" type="SINGLE">-79.8,32.9,0.0</Node>
    <Node rate="4.0254116e-06" type="SINGLE">-79.7,32.9,0.0</Node>
    <Node rate="4.0254116e-06" type="SINGLE">-79.6,32.9,0.0</Node>
    <Node rate="4.0254116e-06" type="SINGLE">-79.5,32.9,0.0</Node>
    <Node rate="4.0254116e-06" type="SINGLE">-79.4,32.9,0.0</Node>
    <Node rate="4.0254116e-06" type="SINGLE">-79.3,32.9,0.0</Node>
    <Node rate="4.0254116e-06" type="SINGLE">-79.2,32.9,0.0</Node>
    <Node rate="4.0254116e-06" type="SINGLE">-79.1,32.9,0.0</Node>
    <Node rate="4.0208619e-06" type="SINGLE">-80.7,33.0,0.0</Node>
    <Node rate="4.0208619e-06" type="SINGLE">-80.6,33.0,0.0</Node>
    <Node rate="4.0208619e-06" type="SINGLE">-80.5,33.0,0.0</Node>
    <Node rate="4.0208619e-06" type="SINGLE">-80.4,33.0,0.0</Node>
    <Node rate="4.0208619e-06" type="SINGLE">-80.3,33.0,0.0</Node>
    <Node rate="4.0208619e-06" type="SINGLE">-80.2,33.0,0.0</Node>
    <Node rate="7.4140791e-05" type="SINGLE">-80.1,33.0,0.0</Node>
    <Node rate="4.0208619e-06" type="SINGLE">-80.0,33.0,0.0</Node>
    <Node rate="4.0208619e-06" type="SINGLE">-79.9,33.0,0.0</Node>
    <Node rate="4.0208619e-06" type="SINGLE">-79.8,33.0,0.0</Node>
    <Node rate="4.0208619e-06" type="SINGLE">-79.7,33.0,0.0</Node>
    <Node rate="4.0208619e-06" type="SINGLE">-79.6,33.0,0.0</Node>
    <Node rate="4.0208619e-06" type="SINGLE">-79.5,33.0,0.0</Node>
    <Node rate="4.0208619e-06" type="SINGLE">-79.4,33.0,0.0</Node>
    <Node rate="4.0208619e-06" type="SINGLE">-79.3,33.0,0.0</Node>
    <Node rate="4.0208619e-06" type="SINGLE">-79.2,33.0,0.0</Node>
    <Node rate="4.0208619e-06" type="SINGLE">-79.1,33.0,0.0</Node>
    <Node rate="4.0162952e-06" type="SINGLE">-80.7,33.1,0.0</Node>
    <Node rate="4.0162952e-06" type="SINGLE">-80.6,33.1,0.0</Node>
    <Node rate="4.0162952e-06" type="SINGLE">-80.5,33.1,0.0</Node>
    <Node rate="4.0162952e-06" type="SINGLE">-80.4,33.1,0.0</Node>
    <Node rate="4.0162952e-06" type="SINGLE">-80.3,33.1,0.0</Node>
    <Node rate="4.0162952e-06" type="SINGLE">-80.2,33.1,0.0</Node>
    <Node rate="7.4056621e-05" type="SINGLE">-80.1,33.1,0.0</Node>
    <Node rate="7.4056621e-05" type="SINGLE">-80.0,33.1,0.0</Node>
    <Node rate="4.0162952e-06" type="SINGLE">-79.9,33.1,0.0</Node>
    <Node rate="4.0162952e-06" type="SINGLE">-79.8,33.1,0.0</Node>
    <Node rate="4.0162952e-06" type="SINGLE">-79.7,33.1,0.0</Node>
    <Node rate="4.0162952e-06" type="SINGLE">-79.6,33.1,0.0</Node>
    <Node rate="4.0162952e-06" type="SINGLE">-79.5,33.1,0.0</Node>
    <Node rate="4.0162952e-06" type="SINGLE">-79.4,33.1,0.0</Node>
    <Node rate="4.0162952e-06" type="SINGLE">-79.3,33.1,0.0</Node>
    <Node rate="4.0162952e-06" type="SINGLE">-79.2,33.1,0.0</Node>
    <Node rate="4.0162952e-06" type="SINGLE">-79.1,33.1,0.0</Node>
    <Node rate="4.0162952e-06" type="SINGLE">-79.0,33.1,0.0</Node>
    <Node rate="4.0117206e-06" type="SINGLE">-80.6,33.2,0.0</Node>
    <Node rate="4.0117206e-06" type="SINGLE">-80.5,33.2,0.0</Node>
    <Node rate="4.0117206e-06" type="SINGLE">-80.4,33.2,0.0</Node>
    <Node rate="4.0117206e-06" type="SINGLE">-80.3,33.2,0.0</Node>
    <Node rate="4.0117206e-06" type="SINGLE">-80.2,33.2,0.0</Node>
    <Node rate="7.3972273e-05" type="SINGLE">-80.1,33.2,0.0</Node>
    <Node rate="7.3972273e-05" type="SINGLE">-80.0,33.2,0.0</Node>
    <Node rate="4.0117206e-06" type="SINGLE">-79.9,33.2,0.0</Node>
    <Node rate="4.0117206e-06" type="SINGLE">-79.8,33.2,0.0</Node>
    <Node rate="4.0117206e-06" type="SINGLE">-79.7,33.2,0.0</Node>
    <Node rate="4.0117206e-06" type="SINGLE">-79.6,33.2,0.0</Node>
    <Node rate="4.0117206e-06" type="SINGLE">-79.5,33.2,0.0</Node>
    <Node rate="4.0117206e-06" type="SINGLE">-79.4,33.2,0.0</Node>
    <Node rate="4.0117206e-06" type="SINGLE">-79.3,33.2,0.0</Node>
    <Node rate="4.0117206e-06" type="SINGLE">-79.2,33.2,0.0</Node>
    <Node rate="4.0117206e-06" type="SINGLE">-79.1,33.2,0.0</Node>
    <Node rate="4.0117206e-06" type="SINGLE">-79.0,33.2,0.0</Node>
    <Node rate="4.0071336e-06" type="SINGLE">-80.5,33.3,0.0</Node>
    <Node rate="4.0071336e-06" type="SINGLE">-80.4,33.3,0.0</Node>
    <Node rate="4.0071336e-06" type="SINGLE">-80.3,33.3,0.0</Node>
    <Node rate="4.0071336e-06" type="SINGLE">-80.2,33.3,0.0</Node>
    <Node rate="4.0071336e-06" type="SINGLE">-80.1,33.3,0.0</Node>
    <Node rate="7.3887657e-05" type="SINGLE">-80.0,33.3,0.0</Node>
    <Node rate="4.0071336e-06" type="SINGLE">-79.9,33.3,0.0</Node>
    <Node rate="4.0071336e-06" type="SINGLE">-79.8,33.3,0.0</Node>
    <Node rate="4.0071336e-06" type="SINGLE">-79.7,33.3,0.0</Node>
    <Node rate="4.0071336e-06" type="SINGLE">-79.6,33.3,0.0</Node>
    <Node rate="4.0071336e-06" type="SINGLE">-79.5,33.3,0.0</Node>
    <Node rate="4.0071336e-06" type="SINGLE">-79.4,33.3,0.0</Node>
    <Node rate="4.0071336e-06" type="SINGLE">-79.3,33.3,0.0</Node>
    <Node rate="4.0071336e-06" type="SINGLE">-79.2,33.3,0.0</Node>
    <Node rate="4.0071336e-06" type="SINGLE">-79.1,33.3,0.0</Node>
    <Node rate="4.0071336e-06" type="SINGLE">-79.0,33.3,0.0</Node>
    <Node rate="4.0025342e-06" type="SINGLE">-80.4,33.4,0.0</Node>
    <Node rate="4.0025342e-06" type="SINGLE">-80.3,33.4,0.0</Node>
    <Node rate="4.0025342e-06" type="SINGLE">-80.2,33.4,0.0</Node>
    <Node rate="4.0025342e-06" type="SINGLE">-80.1,33.4,0.0</Node>
    <Node rate="7.3802843e-05" type="SINGLE">-80.0,33.4,0.0</Node>
    <Node rate="7.3802843e-05" type="SINGLE">-79.9,33.4,0.0</Node>
    <Node rate="4.0025342e-06" type="SINGLE">-79.8,33.4,0.0</Node>
    <Node rate="4.0025342e-06" type="SINGLE">-79.7,33.4,0.0</Node>
    <Node rate="4.0025342e-06" type="SINGLE">-79.6,33.4,0.0</Node>
    <Node rate="4.0025342e-06" type="SINGLE">-79.5,33.4,0.0</Node>
    <Node rate="4.0025342e-06" type="SINGLE">-79.4,33.4,0.0</Node>
    <Node rate="4.0025342e-06" type="SINGLE">-79.3,33.4,0.0</Node>
    <Node rate="4.0025342e-06" type="SINGLE">-79.2,33.4,0.0</Node>
    <Node rate="4.0025342e-06" type="SINGLE">-79.1,33.4,0.0</Node>
    <Node rate="4.0025342e-06" type="SINGLE">-79.0,33.4,0.0</Node>
    <Node rate="4.0025342e-06" type="SINGLE">-78.9,33.4,0.0</Node>
    <Node rate="3.9979223e-06" type="SINGLE">-80.3,33.5,0.0</Node>
    <Node rate="3.9979223e-06" type="SINGLE">-80.2,33.5,0.0</Node>
    <Node rate="3.9979223e-06" type="SINGLE">-80.1,33.5,0.0</Node>
    <Node rate="3.9979223e-06" type="SINGLE">-80.0,33.5,0.0</Node>
    <Node rate="7.3717810e-05" type="SINGLE">-79.9,33.5,0.0</Node>
    <Node rate="3.9979223e-06" type="SINGLE">-79.8,33.5,0.0</Node>
    <Node rate="3.9979223e-06" type="SINGLE">-79.7,33.5,0.0</Node>
    <Node rate="3.9979223e-06" type="SINGLE">-79.6,33.5,0.0</Node>
    <Node rate="3.9979223e-06" type="SINGLE">-79.5,33.5,0.0</Node>
    <Node rate="3.9979223e-06" type="SINGLE">-79.4,33.5,0.0</Node>
    <Node rate="3.9979223e-06" type="SINGLE">-79.3,33.5,0.0</Node>
    <Node rate="3.9979223e-06" type="SINGLE">-79.2,33.5,0.0</Node>
    <Node rate="3.9979223e-06" type="SINGLE">-79.1,33.5,0.0</Node>
    <Node rate="3.9979223e-06" type="SINGLE">-79.0,33.5,0.0</Node>
    <Node rate="3.9979223e-06" type="SINGLE">-78.9,33.5,0.0</Node>
    <Node rate="3.9932987e-06" type="SINGLE">-80.2,33.6,0.0</Node>
    <Node rate="3.9932987e-06" type="SINGLE">-80.1,33.6,0.0</Node>
    <Node rate="3.9932987e-06" type="SINGLE">-80.0,33.6,0.0</Node>
    <Node rate="7.3632511e-05" type="SINGLE">-79.9,33.6,0.0</Node>
    <Node rate="7.3632511e-05" type="SINGLE">-79.8,33.6,0.0</Node>
    <Node rate="3.9932987e-06" type="SINGLE">-79.7,33.6,0.0</Node>
    <Node rate="3.9932987e-06" type="SINGLE">-79.6,33.6,0.0</Node>
    <Node rate="3.9932987e-06" type="SINGLE">-79.5,33.6,0.0</Node>
    <Node rate="3.9932987e-06" type="SINGLE">-79.4,33.6,0.0</Node>
    <Node rate="3.9932987e-06" type="SINGLE">-79.3,33.6,0.0</Node>
    <Node rate="3.9932987e-06" type="SINGLE">-79.2,33.6,0.0</Node>
    <Node rate="3.9932987e-06" type="SINGLE">-79.1,33.6,0.0</Node>
    <Node rate="3.9932987e-06" type="SINGLE">-79.0,33.6,0.0</Node>
    <Node rate="3.9932987e-06" type="SINGLE">-78.9,33.6,0.0</Node>
    <Node rate="3.9932987e-06" type="SINGLE">-78.8,33.6,0.0</Node>
    <Node rate="3.9886580e-06" type="SINGLE">-80.1,33.7,0.0</Node>
    <Node rate="3.9886580e-06" type="SINGLE">-80.0,33.7,0.0</Node>
    <Node rate="3.9886580e-06" type="SINGLE">-79.9,33.7,0.0</Node>
    <Node rate="3.9886580e-06" type="SINGLE">-79.8,33.7,0.0</Node>
    <Node rate="3.9886580e-06" type="SINGLE">-79.7,33.7,0.0</Node>
    <Node rate="3.9886580e-06" type="SINGLE">-79.6,33.7,0.0</Node>
    <Node rate="3.9886580e-06" type="SINGLE">-79.5,33.7,0.0</Node>
    <Node rate="3.9886580e-06" type="SINGLE">-79.4,33.7,0.0</Node>
    <Node rate="3.9886580e-06" type="SINGLE">-79.3,33.7,0.0</Node>
    <Node rate="3.9886580e-06" type="SINGLE">-79.2,33.7,0.0</Node>
    <Node rate="3.9886580e-06" type="SINGLE">-79.1,33.7,0.0</Node>
    <Node rate="3.9886580e-06" type="SINGLE">-79.0,33.7,0.0</Node>
    <Node rate="3.9886580e-06" type="SINGLE">-78.9,33.7,0.0</Node>
    <Node rate="3.9840098e-06" type="SINGLE">-80.1,33.8,0.0</Node>
    <Node rate="3.9840098e-06" type="SINGLE">-80.0,33.8,0.0</Node>
    <Node rate="3.9840098e-06" type="SINGLE">-79.9,33.8,0.0</Node>
    <Node rate="3.9840098e-06" type="SINGLE">-79.8,33.8,0.0</Node>
    <Node rate="3.9840098e-06" type="SINGLE">-79.7,33.8,0.0</Node>
    <Node rate="3.9840098e-06" type="SINGLE">-79.6,33.8,0.0</Node>
    <Node rate="3.9840098e-06" type="SINGLE">-79.5,33.8,0.0</Node>
    <Node rate="3.9840098e-06" type="SINGLE">-79.4,33.8,0.0</Node>
    <Node rate="3.9840098e-06" type="SINGLE">-79.3,33.8,0.0</Node>
    <Node rate="3.9840098e-06" type="SINGLE">-79.2,33.8,0.0</Node>
    <Node rate="3.9840098e-06" type="SINGLE">-79.1,33.8,0.0</Node>
    <Node rate="3.9793495e-06" type="SINGLE">-80.0,33.9,0.0</Node>
    <Node rate="3.9793495e-06" type="SINGLE">-79.9,33.9,0.0</Node>
    <Node rate="3.9793495e-06" type="SINGLE">-79.8,33.9,0.0</Node>
    <Node rate="3.9793495e-06" type="SINGLE">-79.7,33.9,0.0</Node>
    <Node rate="3.9793495e-06" type="SINGLE">-79.6,33.9,0.0</Node>
    <Node rate="3.9793495e-06" type="SINGLE">-79.5,33.9,0.0</Node>
    <Node rate="3.9793495e-06" type="SINGLE">-79.4,33.9,0.0</Node>
    <Node rate="3.9793495e-06" type="SINGLE">-79.3,33.9,0.0</Node>
    <Node rate="3.9793495e-06" type="SINGLE">-79.2,33.9,0.0</Node>
    <Node rate="3.9746774e-06" type="SINGLE">-79.9,34.0,0.0</Node>
    <Node rate="3.9746774e-06" type="SINGLE">-79.8,34.0,0.0</Node>
    <Node rate="3.9746774e-06" type="SINGLE">-79.7,34.0,0.0</Node>
    <Node rate="3.9746774e-06" type="SINGLE">-79.6,34.0,0.0</Node>
    <Node rate="3.9746774e-06" type="SINGLE">-79.5,34.0,0.0</Node>
    <Node rate="3.9746774e-06" type="SINGLE">-79.4,34.0,0.0</Node>
    <Node rate="3.9746774e-06" type="SINGLE">-79.3,34.0,0.0</Node>
    <Node rate="3.9699931e-06" type="SINGLE">-79.8,34.1,0.0</Node>
    <Node rate="3.9699931e-06" type="SINGLE">-79.7,34.1,0.0</Node>
    <Node rate="3.9699931e-06" type="SINGLE">-79.6,34.1,0.0</Node>
    <Node rate="3.9699931e-06" type="SINGLE">-79.5,34.1,0.0</Node>
    <Node rate="3.9699931e-06" type="SINGLE">-79.4,34.1,0.0</Node>
    <Node rate="3.9652928e-06" type="SINGLE">-79.7,34.2,0.0</Node>
    <Node rate="3.9652928e-06" type="SINGLE">-79.6,34.2,0.0</Node>
    <Node rate="3.9652928e-06" type="SINGLE">-79.5,34.2,0.0</Node>
    <Node rate="3.9605849e-06" type="SINGLE">-79.6,34.3,0.0</Node>
  </Nodes>
</GridSourceSet>
