<?xml version="1.0" encoding="UTF-8" standalone="yes"?>
<FaultSourceSet id="-1" name="Set2-Case5a" weight="1.0">
  <!--Upper tails-->
  <Settings>
    <SourceProperties ruptureScaling="PEER"/>
  </Settings>
  <Source id="-1" name="Fault 6">
    <IncrementalMfd floats="true" m="6.000" rate="0.016042517" type="SINGLE" weight="1.0"/>
    <Geometry depth="0.0" dip="90.0" rake="0.0" width="12.0">
      <Trace>
-65.00000,0.11240,0.00000
-65.00000,-0.11240,0.00000
</Trace>
    </Geometry>
  </Source>
</FaultSourceSet>
