<?xml version="1.0" encoding="UTF-8" standalone="yes"?>
<FaultSourceSet id="-1" name="Set2-Case3a-fast" weight="1.0">
  <!--Hanging wall effects; ASK14; σ=0-->
  <Settings>
    <SourceProperties ruptureScaling="PEER"/>
  </Settings>
  <Source id="-1" name="Fault 4">
    <IncrementalMfd floats="true" m="7.000" rate="0.0022360312" type="SINGLE" weight="1.0"/>
    <Geometry depth="1.0" dip="45.0" rake="90.0" width="15.556349186104047">
      <Trace>
-65.00000,0.38221,0.00000
-65.00000,-0.38221,0.00000
</Trace>
    </Geometry>
  </Source>
</FaultSourceSet>
