<?xml version="1.0" encoding="UTF-8" standalone="yes"?>
<FaultSourceSet id="-1" name="Set1-Case4-fast" weight="1.0">
  <!--Single rupture smaller than dipping fault plane-->
  <Settings>
    <SourceProperties ruptureScaling="PEER"/>
  </Settings>
  <Source id="-1" name="Fault 2">
    <IncrementalMfd floats="true" m="6.000" rate="0.016980611" type="SINGLE" weight="1.0"/>
    <Geometry depth="1.0" dip="60.0" rake="90.0" width="12.701705922171767">
      <Trace>
-122.00000,38.22480,0.00000
-122.00000,38.00000,0.00000
</Trace>
    </Geometry>
  </Source>
</FaultSourceSet>
