<?xml version="1.0" encoding="UTF-8" standalone="yes"?>
<FaultSourceSet id="-1" name="bFault.ch" weight="0.6667">
  <!-- This model is an example and for review purposes only -->
  <!-- Original source file: bFault.ch.in -->
  <Settings>
    <DefaultMfds>
      <IncrementalMfd floats="false" m="6.5" rate="0.0" type="SINGLE" weight="1.0"/>
    </DefaultMfds>
    <MagUncertainty>
      <Aleatory count="11" cutoff="6.5" moBalance="true" sigma="0.12"/>
    </MagUncertainty>
    <SourceProperties ruptureScaling="NSHM_FAULT_CA_ELLB_WC94_AREA"/>
  </Settings>
  <Source id="308" name="Mount Diablo Thrust">
    <IncrementalMfd m="6.7" rate="0.0013946" type="SINGLE" weight="0.5"/>
    <IncrementalMfd rate="0.0027825" type="SINGLE" weight="0.5"/>
    <Geometry depth="8.0" dip="38.0" rake="90.0" width="13.0">
      <Trace>
-121.82290,37.73010,0.00000
-122.03880,37.87710,0.00000
</Trace>
    </Geometry>
  </Source>
  <Source id="337" name="Monte Vista - Shannon">
    <IncrementalMfd rate="0.00038211" type="SINGLE" weight="0.5"/>
    <IncrementalMfd m="6.3" rate="0.00076241" type="SINGLE" weight="0.5"/>
    <Geometry depth="0.0" dip="45.0" rake="90.0" width="5.0">
      <Trace>
-122.25001,37.43750,0.00000
-122.06500,37.30500,0.00000
-122.00001,37.26500,0.00000
-121.92750,37.22750,0.00000
-121.83750,37.21000,0.00000
</Trace>
    </Geometry>
  </Source>
  <Source id="324" name="Ortigalita">
    <IncrementalMfd m="7.1" rate="0.00041561" type="SINGLE" weight="0.5"/>
    <IncrementalMfd m="6.9" rate="0.00082925" type="SINGLE" weight="0.5"/>
    <Geometry depth="0.0" dip="90.0" rake="0.0" width="11.0">
      <Trace>
-121.28059,37.27054,0.00000
-121.22482,37.19204,0.00000
-121.15121,37.11761,0.00000
-121.12592,37.03807,0.00000
-121.01141,36.90705,0.00000
-120.90358,36.79396,0.00000
-120.89540,36.73216,0.00000
</Trace>
    </Geometry>
  </Source>
  <Source id="361" name="Rinconada">
    <IncrementalMfd m="7.5" rate="0.00025816" type="SINGLE" weight="0.5"/>
    <IncrementalMfd m="7.4" rate="0.00036465" type="SINGLE" weight="0.5"/>
    <Geometry depth="0.0" dip="90.0" rake="0.0" width="10.0">
      <Trace>
-121.75650,36.67524,0.00000
-121.46286,36.45199,0.00000
-120.70242,35.61091,0.00000
-120.66200,35.44550,0.00000
-120.61500,35.40220,0.00000
-120.58300,35.35300,0.00000
-120.51700,35.31120,0.00000
</Trace>
    </Geometry>
  </Source>
  <Source id="356" name="Monterey Bay - Tularcitos">
    <IncrementalMfd m="7.3" rate="0.00015771" type="SINGLE" weight="0.5"/>
    <IncrementalMfd m="7.2" rate="0.00022277" type="SINGLE" weight="0.5"/>
    <Geometry depth="0.0" dip="90.0" rake="0.0" width="14.0">
      <Trace>
-121.52527,36.36826,0.00000
-121.59573,36.40017,0.00000
-121.64890,36.43872,0.00000
-121.73531,36.46929,0.00000
-121.86559,36.58495,0.00000
-122.01049,36.81360,0.00000
-122.12216,36.92128,0.00000
</Trace>
    </Geometry>
  </Source>
  <Source id="261" name="Honey Lake">
    <IncrementalMfd m="7.0" rate="0.0012019" type="SINGLE" weight="0.5"/>
    <IncrementalMfd m="6.8" rate="0.0023981" type="SINGLE" weight="0.5"/>
    <Geometry depth="0.0" dip="90.0" rake="0.0" width="11.0">
      <Trace>
-120.03810,39.99474,0.00000
-120.07342,40.01783,0.00000
-120.13900,40.06285,0.00000
-120.23990,40.14132,0.00000
-120.30043,40.18248,0.00000
-120.40805,40.21979,0.00000
-120.43664,40.22939,0.00000
-120.47952,40.28275,0.00000
-120.54847,40.32132,0.00000
</Trace>
    </Geometry>
  </Source>
  <Source id="165" name="Table Bluff">
    <IncrementalMfd m="7.2" rate="0.00020548" type="SINGLE" weight="0.5"/>
    <IncrementalMfd m="7.0" rate="0.00040998" type="SINGLE" weight="0.5"/>
    <Geometry depth="0.0" dip="45.0" rake="90.0" width="18.0">
      <Trace>
-124.17976,40.64778,0.00000
-124.28200,40.69600,0.00000
-124.47499,40.69800,0.00000
-124.67900,40.82800,0.00000
</Trace>
    </Geometry>
  </Source>
  <Source id="141" name="Little Salmon (Offshore)">
    <IncrementalMfd m="7.3" rate="0.00031948" type="SINGLE" weight="0.25"/>
    <IncrementalMfd m="7.2" rate="0.00045128" type="SINGLE" weight="0.25"/>
    <Geometry depth="0.0" dip="30.0" rake="90.0" width="26.0">
      <Trace>
-124.23100,40.76400,0.00000
-124.35200,40.79600,0.00000
-124.47499,40.94100,0.00000
-124.64099,41.00400,0.00000
</Trace>
    </Geometry>
  </Source>
  <Source id="153" name="Little Salmon (Onshore)">
    <IncrementalMfd m="7.1" rate="0.0023992" type="SINGLE" weight="0.25"/>
    <IncrementalMfd m="7.0" rate="0.0033889" type="SINGLE" weight="0.25"/>
    <Geometry depth="0.0" dip="30.0" rake="90.0" width="26.0">
      <Trace>
-123.99000,40.53400,0.00000
-124.10399,40.58400,0.00000
-124.17800,40.64600,0.00000
-124.23100,40.76400,0.00000
</Trace>
    </Geometry>
  </Source>
  <Source id="69" name="Big Lagoon - Bald Mtn">
    <IncrementalMfd m="7.5" rate="0.00013815" type="SINGLE" weight="0.5"/>
    <IncrementalMfd m="7.5" rate="0.00013815" type="SINGLE" weight="0.5"/>
    <Geometry depth="0.0" dip="35.0" rake="90.0" width="23.0">
      <Trace>
-123.93412,41.03298,0.00000
-123.99326,41.10547,0.00000
-124.09451,41.16545,0.00000
-124.31129,41.52538,0.00000
-124.37600,41.57700,0.00000
-124.43228,41.66206,0.00000
-124.44366,41.72955,0.00000
</Trace>
    </Geometry>
  </Source>
  <Source id="140" name="Trinidad">
    <IncrementalMfd m="7.5" rate="0.00018976" type="SINGLE" weight="0.5"/>
    <IncrementalMfd m="7.5" rate="0.00018976" type="SINGLE" weight="0.5"/>
    <Geometry depth="0.0" dip="35.0" rake="90.0" width="23.0">
      <Trace>
-123.84100,40.79000,0.00000
-123.92214,40.85426,0.00000
-123.99940,40.93652,0.00000
-124.02867,40.98206,0.00000
-124.11172,41.04041,0.00000
-124.25066,41.18733,0.00000
-124.31860,41.24423,0.00000
-124.34300,41.29700,0.00000
-124.39400,41.44900,0.00000
</Trace>
    </Geometry>
  </Source>
  <Source id="107" name="Fickle Hill">
    <IncrementalMfd m="7.1" rate="0.00023531" type="SINGLE" weight="0.5"/>
    <IncrementalMfd m="6.9" rate="0.00046951" type="SINGLE" weight="0.5"/>
    <Geometry depth="0.0" dip="35.0" rake="90.0" width="23.0">
      <Trace>
-123.96461,40.74394,0.00000
-123.98963,40.78458,0.00000
-124.04704,40.85789,0.00000
-124.18397,40.97865,0.00000
</Trace>
    </Geometry>
  </Source>
  <Source id="138" name="McKinleyville">
    <IncrementalMfd m="7.2" rate="0.00024554" type="SINGLE" weight="0.5"/>
    <IncrementalMfd m="7.1" rate="0.00034684" type="SINGLE" weight="0.5"/>
    <Geometry depth="0.0" dip="35.0" rake="90.0" width="23.0">
      <Trace>
-123.86379,40.75712,0.00000
-123.90343,40.79176,0.00000
-123.94196,40.81747,0.00000
-123.99852,40.85803,0.00000
-124.05132,40.90951,0.00000
-124.09076,40.96202,0.00000
-124.18308,41.05808,0.00000
-124.23273,41.06589,0.00000
</Trace>
    </Geometry>
  </Source>
  <Source id="139" name="Mad River">
    <IncrementalMfd m="7.2" rate="0.0002518" type="SINGLE" weight="0.5"/>
    <IncrementalMfd m="7.0" rate="0.0005024" type="SINGLE" weight="0.5"/>
    <Geometry depth="0.0" dip="35.0" rake="90.0" width="23.0">
      <Trace>
-123.92455,40.74703,0.00000
-123.95905,40.80849,0.00000
-123.99632,40.83718,0.00000
-124.06962,40.89953,0.00000
-124.11170,40.93317,0.00000
-124.14874,40.98371,0.00000
-124.23320,41.03210,0.00000
</Trace>
    </Geometry>
  </Source>
  <Source id="307" name="Collayomi">
    <IncrementalMfd m="6.7" rate="0.00036657" type="SINGLE" weight="0.5"/>
    <IncrementalMfd m="6.4" rate="0.0010331" type="SINGLE" weight="0.5"/>
    <Geometry depth="0.0" dip="90.0" rake="0.0" width="10.0">
      <Trace>
-122.68166,38.77886,0.00000
-122.86272,38.99303,0.00000
</Trace>
    </Geometry>
  </Source>
  <Source id="302" name="Bartlett Springs">
    <IncrementalMfd m="7.3" rate="0.0021144" type="SINGLE" weight="0.5"/>
    <IncrementalMfd m="7.2" rate="0.0029867" type="SINGLE" weight="0.5"/>
    <Geometry depth="3.8" dip="90.0" rake="0.0" width="8.0">
      <Trace>
-122.50408,38.93338,0.00000
-123.05210,39.56600,0.00000
-123.03970,39.57520,0.00000
-123.18660,39.71930,0.00000
-123.29300,39.82440,0.00000
-123.39560,39.96170,0.00000
-123.41710,40.00630,0.00000
-123.43990,40.14380,0.00000
-123.50330,40.26490,0.00000
</Trace>
    </Geometry>
  </Source>
  <Source id="409" name="Hosgri">
    <IncrementalMfd m="7.3" rate="0.000798" type="SINGLE" weight="0.5"/>
    <IncrementalMfd m="7.2" rate="0.0011272" type="SINGLE" weight="0.5"/>
    <Geometry depth="0.0" dip="80.0" rake="0.0" width="7.0">
      <Trace>
-120.74600,34.85480,0.00000
-120.76600,34.89310,0.00000
-120.79500,34.93400,0.00000
-120.80500,34.97540,0.00000
-120.83400,35.04690,0.00000
-120.86600,35.10850,0.00000
-120.87900,35.14290,0.00000
-120.91600,35.19190,0.00000
-120.96000,35.27120,0.00000
-121.00200,35.35470,0.00000
-121.04600,35.42140,0.00000
-121.06400,35.45420,0.00000
-121.09100,35.50200,0.00000
-121.15800,35.60270,0.00000
-121.19400,35.65230,0.00000
-121.24100,35.70050,0.00000
-121.28600,35.74370,0.00000
-121.31900,35.76850,0.00000
-121.36500,35.79170,0.00000
-121.41800,35.83560,0.00000
-121.45300,35.86230,0.00000
-121.49400,35.89460,0.00000
-121.51700,35.92870,0.00000
-121.56100,35.96800,0.00000
-121.72700,36.14620,0.00000
</Trace>
    </Geometry>
  </Source>
  <Source id="398" name="San Juan">
    <IncrementalMfd m="7.1" rate="0.00047422" type="SINGLE" weight="0.5"/>
    <IncrementalMfd m="7.0" rate="0.00066985" type="SINGLE" weight="0.5"/>
    <Geometry depth="0.0" dip="90.0" rake="0.0" width="13.0">
      <Trace>
-120.29537,35.67970,0.00000
-120.22916,35.50193,0.00000
-120.12495,35.30454,0.00000
-120.08205,35.28247,0.00000
-119.96066,35.14761,0.00000
</Trace>
    </Geometry>
  </Source>
  <Source id="304" name="Gillem - Big Crack 60">
    <IncrementalMfd m="6.8" rate="0.00062673" type="SINGLE" weight="0.5"/>
    <IncrementalMfd m="6.6" rate="0.0012505" type="SINGLE" weight="0.5"/>
    <Geometry depth="0.0" dip="60.0" rake="-90.0" width="13.0">
      <Trace>
-121.58840,41.68326,0.00000
-121.55521,41.74523,0.00000
-121.57070,41.77399,0.00000
-121.57070,41.96874,0.00000
</Trace>
    </Geometry>
  </Source>
  <Source id="303" name="Cedar Mtn - Mahogany Mtn 60">
    <IncrementalMfd m="7.1" rate="0.0004595" type="SINGLE" weight="0.5"/>
    <IncrementalMfd m="7.0" rate="0.00064906" type="SINGLE" weight="0.5"/>
    <Geometry depth="0.0" dip="60.0" rake="-90.0" width="11.0">
      <Trace>
-121.90136,41.52567,0.00000
-121.94468,41.81986,0.00000
-121.96301,41.94527,0.00000
-122.11630,42.19857,0.00000
</Trace>
    </Geometry>
  </Source>
  <Source id="321" name="Likely">
    <IncrementalMfd m="7.0" rate="0.00016066" type="SINGLE" weight="0.5"/>
    <IncrementalMfd m="6.9" rate="0.00022693" type="SINGLE" weight="0.5"/>
    <Geometry depth="0.0" dip="90.0" rake="0.0" width="11.0">
      <Trace>
-120.24510,40.89100,0.00000
-120.32034,40.94190,0.00000
-120.47083,41.10124,0.00000
-120.72754,41.33582,0.00000
</Trace>
    </Geometry>
  </Source>
  <Source id="312" name="Surprise Valley 50">
    <IncrementalMfd m="7.2" rate="0.00054241" type="SINGLE" weight="0.5"/>
    <IncrementalMfd m="7.1" rate="0.00076617" type="SINGLE" weight="0.5"/>
    <Geometry depth="0.0" dip="50.0" rake="-90.0" width="13.0">
      <Trace>
-119.99061,41.13222,0.00000
-120.10568,41.28270,0.00000
-120.18092,41.50401,0.00000
-120.18314,41.58146,0.00000
-120.20747,41.61245,0.00000
-120.21633,41.68990,0.00000
-120.13888,41.87358,0.00000
</Trace>
    </Geometry>
  </Source>
  <Source id="445" name="Hat Creek - McArthur - Mayfield 60">
    <IncrementalMfd m="7.2" rate="0.00061299" type="SINGLE" weight="0.5"/>
    <IncrementalMfd m="7.1" rate="0.00086587" type="SINGLE" weight="0.5"/>
    <Geometry depth="0.0" dip="60.0" rake="-90.0" width="11.0">
      <Trace>
-121.63309,41.45107,0.00000
-121.43314,41.10836,0.00000
-121.43980,40.93453,0.00000
-121.37315,40.61665,0.00000
</Trace>
    </Geometry>
  </Source>
  <Source id="313" name="Robinson Creek 50">
    <IncrementalMfd m="6.7" rate="0.00030348" type="SINGLE" weight="0.5"/>
    <IncrementalMfd m="6.4" rate="0.00085534" type="SINGLE" weight="0.5"/>
    <Geometry depth="0.0" dip="50.0" rake="-90.0" width="17.0">
      <Trace>
-119.31708,38.20659,0.00000
-119.30286,38.23859,0.00000
-119.30463,38.26348,0.00000
-119.23174,38.33460,0.00000
</Trace>
    </Geometry>
  </Source>
  <Source id="314" name="Mono Lake 50">
    <IncrementalMfd m="6.8" rate="0.0016554" type="SINGLE" weight="0.5"/>
    <IncrementalMfd m="6.6" rate="0.003303" type="SINGLE" weight="0.5"/>
    <Geometry depth="0.0" dip="50.0" rake="-90.0" width="17.0">
      <Trace>
-119.10373,37.93457,0.00000
-119.17307,38.02702,0.00000
-119.18197,38.06258,0.00000
-119.18019,38.10169,0.00000
-119.18908,38.14970,0.00000
</Trace>
    </Geometry>
  </Source>
  <Source id="315" name="Hartley Springs 50">
    <IncrementalMfd m="6.8" rate="0.00031775" type="SINGLE" weight="0.5"/>
    <IncrementalMfd m="6.6" rate="0.00063399" type="SINGLE" weight="0.5"/>
    <Geometry depth="0.0" dip="50.0" rake="-90.0" width="17.0">
      <Trace>
-118.99706,37.63944,0.00000
-118.99706,37.69811,0.00000
-119.02551,37.75678,0.00000
-119.07529,37.84923,0.00000
</Trace>
    </Geometry>
  </Source>
  <Source id="316" name="Hilton Creek 50">
    <IncrementalMfd m="6.9" rate="0.0013365" type="SINGLE" weight="0.5"/>
    <IncrementalMfd m="6.7" rate="0.0026668" type="SINGLE" weight="0.5"/>
    <Geometry depth="0.0" dip="50.0" rake="-90.0" width="17.0">
      <Trace>
-118.72861,37.46165,0.00000
-118.75348,37.49009,0.00000
-118.80860,37.61988,0.00000
-118.85661,37.65366,0.00000
-118.88328,37.68922,0.00000
</Trace>
    </Geometry>
  </Source>
  <Source id="317" name="Round Valley 50">
    <IncrementalMfd m="7.1" rate="0.0003958" type="SINGLE" weight="0.5"/>
    <IncrementalMfd m="6.9" rate="0.00078973" type="SINGLE" weight="0.5"/>
    <Geometry depth="0.0" dip="50.0" rake="-90.0" width="17.0">
      <Trace>
-118.59922,37.24244,0.00000
-118.61618,37.25132,0.00000
-118.63512,37.26467,0.00000
-118.64111,37.27861,0.00000
-118.63881,37.30151,0.00000
-118.62761,37.32666,0.00000
-118.61513,37.34512,0.00000
-118.61499,37.35740,0.00000
-118.62971,37.38248,0.00000
-118.64251,37.39753,0.00000
-118.65061,37.40476,0.00000
-118.65119,37.41369,0.00000
-118.63719,37.44611,0.00000
-118.64157,37.48127,0.00000
-118.65043,37.51517,0.00000
-118.67178,37.52474,0.00000
-118.70231,37.53973,0.00000
-118.73086,37.54858,0.00000
-118.74232,37.56028,0.00000
</Trace>
    </Geometry>
  </Source>
  <Source id="319" name="Fish Slough 50">
    <IncrementalMfd m="6.8" rate="0.00013382" type="SINGLE" weight="0.5"/>
    <IncrementalMfd m="6.6" rate="0.00026701" type="SINGLE" weight="0.5"/>
    <Geometry depth="0.0" dip="50.0" rake="-90.0" width="17.0">
      <Trace>
-118.39010,37.36130,0.00000
-118.39195,37.39697,0.00000
-118.40491,37.43448,0.00000
-118.39834,37.45972,0.00000
-118.39983,37.47821,0.00000
-118.40057,37.49788,0.00000
-118.39935,37.51686,0.00000
-118.39218,37.52587,0.00000
-118.39542,37.54058,0.00000
-118.40700,37.55768,0.00000
-118.40652,37.56883,0.00000
-118.39388,37.58612,0.00000
</Trace>
    </Geometry>
  </Source>
  <Source id="318" name="White Mountains">
    <IncrementalMfd m="7.4" rate="0.00027493" type="SINGLE" weight="0.5"/>
    <IncrementalMfd m="7.3" rate="0.00038835" type="SINGLE" weight="0.5"/>
    <Geometry depth="0.0" dip="90.0" rake="0.0" width="13.0">
      <Trace>
-118.16626,37.02209,0.00000
-118.16659,37.03976,0.00000
-118.18756,37.06858,0.00000
-118.22367,37.17188,0.00000
-118.25827,37.24149,0.00000
-118.27922,37.30249,0.00000
-118.29301,37.33345,0.00000
-118.30515,37.37849,0.00000
-118.31811,37.43014,0.00000
-118.33015,37.48475,0.00000
-118.33570,37.52754,0.00000
-118.34866,37.57550,0.00000
-118.36718,37.66848,0.00000
-118.37551,37.73563,0.00000
-118.41131,37.78391,0.00000
-118.42905,37.83149,0.00000
-118.41348,37.86992,0.00000
-118.38570,37.90091,0.00000
-118.34589,37.94297,0.00000
-118.33755,37.96437,0.00000
</Trace>
    </Geometry>
  </Source>
  <Source id="320" name="Death Valley (No of Cucamongo)">
    <IncrementalMfd m="7.2" rate="0.0019037" type="SINGLE" weight="0.25"/>
    <IncrementalMfd m="7.1" rate="0.0026891" type="SINGLE" weight="0.25"/>
    <Geometry depth="0.0" dip="90.0" rake="0.0" width="13.0">
      <Trace>
-117.66754,37.30194,0.00000
-117.69734,37.32084,0.00000
-117.76252,37.34746,0.00000
-117.80731,37.36744,0.00000
-117.96381,37.52333,0.00000
-118.03401,37.58902,0.00000
-118.05708,37.60012,0.00000
-118.07466,37.61347,0.00000
-118.09322,37.66143,0.00000
-118.12399,37.71606,0.00000
-118.15497,37.75171,0.00000
-118.19231,37.82865,0.00000
</Trace>
    </Geometry>
  </Source>
  <Source id="143" name="Death Valley (No)">
    <IncrementalMfd m="7.3" rate="0.0018697" type="SINGLE" weight="0.25"/>
    <IncrementalMfd m="7.3" rate="0.0018697" type="SINGLE" weight="0.25"/>
    <Geometry depth="0.0" dip="90.0" rake="0.0" width="13.0">
      <Trace>
-116.89200,36.56150,0.00000
-116.94400,36.59280,0.00000
-116.98800,36.62340,0.00000
-117.10000,36.70680,0.00000
-117.15600,36.75770,0.00000
-117.18000,36.79680,0.00000
-117.24500,36.87600,0.00000
-117.28300,36.91250,0.00000
-117.31300,36.95780,0.00000
-117.40700,37.05170,0.00000
-117.44300,37.07840,0.00000
-117.65300,37.29410,0.00000
</Trace>
    </Geometry>
  </Source>
  <Source id="384" name="Owl Lake">
    <IncrementalMfd m="6.7" rate="0.001297" type="SINGLE" weight="0.5"/>
    <IncrementalMfd rate="0.0025878" type="SINGLE" weight="0.5"/>
    <Geometry depth="0.0" dip="90.0" rake="0.0" width="12.0">
      <Trace>
-116.87723,35.60639,0.00000
-116.64142,35.72774,0.00000
</Trace>
    </Geometry>
  </Source>
  <Source id="-1" name="Hunter Mountain - Saline Valley">
    <IncrementalMfd m="7.2" rate="0.00085543" type="SINGLE" weight="0.25"/>
    <IncrementalMfd m="7.0" rate="0.0017068" type="SINGLE" weight="0.25"/>
    <Geometry depth="0.0" dip="90.0" rake="0.0" width="12.0">
      <Trace>
-117.43249,36.47527,0.00000
-117.54011,36.52326,0.00000
-117.62083,36.56991,0.00000
-117.68136,36.61723,0.00000
-117.82178,36.66050,0.00000
-117.84952,36.70512,0.00000
-117.87559,36.75447,0.00000
-117.95210,36.92416,0.00000
</Trace>
    </Geometry>
  </Source>
  <Source id="322" name="Deep Springs 50">
    <IncrementalMfd m="6.8" rate="0.00052214" type="SINGLE" weight="0.5"/>
    <IncrementalMfd m="6.6" rate="0.0010418" type="SINGLE" weight="0.5"/>
    <Geometry depth="0.0" dip="50.0" rake="-90.0" width="17.0">
      <Trace>
-117.94248,37.43485,0.00000
-117.95624,37.39684,0.00000
-117.95898,37.38197,0.00000
-117.97384,37.36665,0.00000
-117.98705,37.34915,0.00000
-117.99695,37.32071,0.00000
-118.01456,37.28657,0.00000
-118.03271,37.25507,0.00000
-118.05967,37.23056,0.00000
</Trace>
    </Geometry>
  </Source>
  <Source id="355" name="Point Reyes">
    <IncrementalMfd m="6.9" rate="0.00017966" type="SINGLE" weight="0.5"/>
    <IncrementalMfd m="6.7" rate="0.00035847" type="SINGLE" weight="0.5"/>
    <Geometry depth="0.0" dip="50.0" rake="90.0" width="12.0">
      <Trace>
-122.83367,37.94333,0.00000
-123.06635,37.99077,0.00000
-123.24097,38.18426,0.00000
</Trace>
    </Geometry>
  </Source>
  <Source id="350" name="Zayante - Vergeles">
    <IncrementalMfd m="7.0" rate="5.2842000e-05" type="SINGLE" weight="0.5"/>
    <IncrementalMfd m="6.9" rate="7.4641000e-05" type="SINGLE" weight="0.5"/>
    <Geometry depth="0.0" dip="90.0" rake="0.0" width="12.0">
      <Trace>
-121.46381,36.79268,0.00000
-121.60956,36.81287,0.00000
-121.74194,36.93775,0.00000
-121.97340,37.08872,0.00000
</Trace>
    </Geometry>
  </Source>
  <Source id="362" name="Quien Sabe">
    <IncrementalMfd m="6.6" rate="0.00069209" type="SINGLE" weight="0.5"/>
    <IncrementalMfd m="6.3" rate="0.0019506" type="SINGLE" weight="0.5"/>
    <Geometry depth="0.0" dip="90.0" rake="0.0" width="10.0">
      <Trace>
-121.21391,36.75898,0.00000
-121.36441,36.92562,0.00000
</Trace>
    </Geometry>
  </Source>
  <Source id="397" name="Pleito">
    <IncrementalMfd m="7.1" rate="0.00088761" type="SINGLE" weight="0.5"/>
    <IncrementalMfd m="7.0" rate="0.0012538" type="SINGLE" weight="0.5"/>
    <Geometry depth="0.0" dip="46.0" rake="90.0" width="19.0">
      <Trace>
-119.29590,34.94152,0.00000
-119.23706,34.95623,0.00000
-119.20621,34.95564,0.00000
-119.12816,34.98694,0.00000
-119.08091,35.00708,0.00000
-119.05054,35.00748,0.00000
-119.03607,34.99168,0.00000
-119.01293,34.97825,0.00000
-118.99413,34.96837,0.00000
-118.97945,34.94387,0.00000
-118.96870,34.93505,0.00000
-118.94860,34.93152,0.00000
-118.92780,34.93270,0.00000
-118.91073,34.93914,0.00000
-118.87900,34.93505,0.00000
</Trace>
    </Geometry>
  </Source>
  <Source id="436" name="Santa Ynez (West)">
    <IncrementalMfd m="7.0" rate="0.00094505" type="SINGLE" weight="0.25"/>
    <IncrementalMfd m="6.8" rate="0.0018856" type="SINGLE" weight="0.25"/>
    <Geometry depth="0.0" dip="70.0" rake="0.0" width="10.0">
      <Trace>
-120.30700,34.51210,0.00000
-120.26300,34.51470,0.00000
-120.20800,34.52390,0.00000
-120.12000,34.54420,0.00000
-120.03100,34.56180,0.00000
-119.97700,34.56030,0.00000
-119.93500,34.54740,0.00000
-119.86700,34.55330,0.00000
-119.80600,34.54840,0.00000
-119.73200,34.52050,0.00000
-119.63550,34.49920,0.00000
</Trace>
    </Geometry>
  </Source>
  <Source id="438" name="Santa Ynez (East)">
    <IncrementalMfd m="7.2" rate="0.00073796" type="SINGLE" weight="0.25"/>
    <IncrementalMfd m="7.1" rate="0.0010424" type="SINGLE" weight="0.25"/>
    <Geometry depth="0.0" dip="70.0" rake="0.0" width="14.0">
      <Trace>
-119.63600,34.49920,0.00000
-119.55300,34.48800,0.00000
-119.50100,34.48880,0.00000
-119.43500,34.49870,0.00000
-119.32000,34.50670,0.00000
-119.23000,34.52930,0.00000
-119.16400,34.53150,0.00000
-118.95400,34.56970,0.00000
-118.90400,34.58390,0.00000
</Trace>
    </Geometry>
  </Source>
  <Source id="373" name="So Sierra Nevada 50">
    <IncrementalMfd m="7.5" rate="2.7013000e-05" type="SINGLE" weight="0.5"/>
    <IncrementalMfd m="7.5" rate="2.7013000e-05" type="SINGLE" weight="0.5"/>
    <Geometry depth="0.0" dip="50.0" rake="-90.0" width="18.0">
      <Trace>
-118.02300,35.29430,0.00000
-118.04000,35.34700,0.00000
-118.05100,35.42610,0.00000
-118.03400,35.53840,0.00000
-118.00400,35.56800,0.00000
-117.90900,35.61000,0.00000
-117.86900,35.68390,0.00000
-117.89597,35.75829,0.00000
-117.91198,35.93410,0.00000
-117.94594,35.97259,0.00000
-117.98500,36.08000,0.00000
-118.00900,36.12400,0.00000
-117.99000,36.21930,0.00000
</Trace>
    </Geometry>
  </Source>
  <Source id="323" name="Owens Valley">
    <IncrementalMfd m="7.3" rate="0.00046856" type="SINGLE" weight="0.5"/>
    <IncrementalMfd m="7.2" rate="0.00066186" type="SINGLE" weight="0.5"/>
    <Geometry depth="0.0" dip="90.0" rake="0.0" width="14.0">
      <Trace>
-118.02000,36.50470,0.00000
-118.04300,36.55220,0.00000
-118.07000,36.63550,0.00000
-118.08300,36.69430,0.00000
-118.11900,36.77390,0.00000
-118.16000,36.85060,0.00000
-118.19700,36.93150,0.00000
-118.32900,37.23400,0.00000
</Trace>
    </Geometry>
  </Source>
  <Source id="372" name="Independence 50">
    <IncrementalMfd m="7.2" rate="7.0453000e-05" type="SINGLE" weight="0.5"/>
    <IncrementalMfd m="7.0" rate="0.00014057" type="SINGLE" weight="0.5"/>
    <Geometry depth="0.0" dip="50.0" rake="-90.0" width="19.0">
      <Trace>
-118.09200,36.50150,0.00000
-118.16800,36.55860,0.00000
-118.22400,36.62390,0.00000
-118.23400,36.66340,0.00000
-118.30200,36.77350,0.00000
-118.32000,36.82870,0.00000
-118.30400,36.88020,0.00000
</Trace>
    </Geometry>
  </Source>
  <Source id="371" name="Birch Creek 50">
    <IncrementalMfd m="6.6" rate="0.00055727" type="SINGLE" weight="0.5"/>
    <IncrementalMfd m="6.4" rate="0.0011119" type="SINGLE" weight="0.5"/>
    <Geometry depth="0.0" dip="50.0" rake="-90.0" width="17.0">
      <Trace>
-118.33651,36.97624,0.00000
-118.34528,37.00376,0.00000
-118.36655,37.03629,0.00000
-118.40533,37.07131,0.00000
-118.40408,37.09883,0.00000
</Trace>
    </Geometry>
  </Source>
  <Source id="310" name="West Napa">
    <IncrementalMfd m="6.7" rate="0.00063412" type="SINGLE" weight="0.5"/>
    <IncrementalMfd rate="0.0012652" type="SINGLE" weight="0.5"/>
    <Geometry depth="0.0" dip="90.0" rake="0.0" width="10.0">
      <Trace>
-122.24451,38.16441,0.00000
-122.28896,38.23397,0.00000
-122.36856,38.41158,0.00000
</Trace>
    </Geometry>
  </Source>
  <Source id="309" name="Hunting Creek - Berryessa">
    <IncrementalMfd m="7.1" rate="0.0023137" type="SINGLE" weight="0.5"/>
    <IncrementalMfd m="6.9" rate="0.0046164" type="SINGLE" weight="0.5"/>
    <Geometry depth="0.0" dip="90.0" rake="0.0" width="12.0">
      <Trace>
-122.19700,38.45300,0.00000
-122.50408,38.93338,0.00000
</Trace>
    </Geometry>
  </Source>
  <Source id="228" name="Battle Creek 75">
    <IncrementalMfd m="6.7" rate="0.00035454" type="SINGLE" weight="0.5"/>
    <IncrementalMfd rate="0.0007074" type="SINGLE" weight="0.5"/>
    <Geometry depth="0.0" dip="75.0" rake="-90.0" width="11.0">
      <Trace>
-122.18365,40.40409,0.00000
-121.85155,40.47029,0.00000
</Trace>
    </Geometry>
  </Source>
  <Source id="403" name="Los Osos">
    <IncrementalMfd m="7.0" rate="0.00023891" type="SINGLE" weight="0.5"/>
    <IncrementalMfd m="6.8" rate="0.00047668" type="SINGLE" weight="0.5"/>
    <Geometry depth="0.0" dip="45.0" rake="90.0" width="14.0">
      <Trace>
-120.86641,35.30209,0.00000
-120.78181,35.29963,0.00000
-120.73522,35.28492,0.00000
-120.68373,35.24569,0.00000
-120.65430,35.20891,0.00000
-120.53171,35.16967,0.00000
-120.48144,35.12554,0.00000
-120.45692,35.12186,0.00000
</Trace>
    </Geometry>
  </Source>
  <Source id="100" name="Palos Verdes">
    <IncrementalMfd m="7.3" rate="0.0010918" type="SINGLE" weight="0.25"/>
    <IncrementalMfd m="7.2" rate="0.0015423" type="SINGLE" weight="0.25"/>
    <Geometry depth="0.0" dip="90.0" rake="0.0" width="14.0">
      <Trace>
-117.91700,33.27980,0.00000
-117.94300,33.31840,0.00000
-117.98600,33.35460,0.00000
-118.06000,33.44280,0.00000
-118.08000,33.48160,0.00000
-118.11900,33.54490,0.00000
-118.14600,33.58350,0.00000
-118.23300,33.69190,0.00000
-118.25400,33.74720,0.00000
-118.33400,33.78950,0.00000
-118.40000,33.81750,0.00000
-118.43900,33.86370,0.00000
-118.49600,33.90210,0.00000
-118.55700,33.97020,0.00000
</Trace>
    </Geometry>
  </Source>
  <Source id="410" name="San Luis Range (So Margin)">
    <IncrementalMfd m="7.2" rate="6.8772000e-05" type="SINGLE" weight="0.5"/>
    <IncrementalMfd m="7.0" rate="0.00013722" type="SINGLE" weight="0.5"/>
    <Geometry depth="0.0" dip="45.0" rake="90.0" width="14.0">
      <Trace>
-120.23746,34.84968,0.00000
-120.26933,34.86439,0.00000
-120.30979,34.91098,0.00000
-120.41399,34.97596,0.00000
-120.56358,35.10837,0.00000
-120.64449,35.14148,0.00000
-120.71314,35.16845,0.00000
-120.78795,35.18193,0.00000
</Trace>
    </Geometry>
  </Source>
  <Source id="415" name="Lions Head">
    <IncrementalMfd m="6.8" rate="1.3003000e-05" type="SINGLE" weight="0.5"/>
    <IncrementalMfd m="6.6" rate="2.5945000e-05" type="SINGLE" weight="0.5"/>
    <Geometry depth="0.0" dip="75.0" rake="90.0" width="10.0">
      <Trace>
-120.23500,34.69765,0.00000
-120.33431,34.71236,0.00000
-120.40665,34.71604,0.00000
-120.44097,34.72953,0.00000
-120.55623,34.84232,0.00000
-120.61017,34.86807,0.00000
</Trace>
    </Geometry>
  </Source>
  <Source id="441" name="Mission Ridge - Arroyo Parida - Santa Ana">
    <IncrementalMfd m="6.9" rate="0.00023937" type="SINGLE" weight="0.5"/>
    <IncrementalMfd m="6.7" rate="0.00047761" type="SINGLE" weight="0.5"/>
    <Geometry depth="0.0" dip="70.0" rake="90.0" width="8.0">
      <Trace>
-119.89769,34.42981,0.00000
-119.86875,34.42478,0.00000
-119.80713,34.43359,0.00000
-119.78575,34.43359,0.00000
-119.75055,34.44113,0.00000
-119.74300,34.44239,0.00000
-119.69144,34.44994,0.00000
-119.61095,34.44113,0.00000
-119.51036,34.43107,0.00000
-119.47137,34.42730,0.00000
-119.42610,34.41598,0.00000
-119.34562,34.42353,0.00000
-119.28778,34.42981,0.00000
-119.20226,34.44994,0.00000
-119.16579,34.47005,0.00000
</Trace>
    </Geometry>
  </Source>
  <Source id="471" name="San Cayetano">
    <IncrementalMfd m="7.2" rate="0.0022998" type="SINGLE" weight="0.5"/>
    <IncrementalMfd m="7.1" rate="0.0032486" type="SINGLE" weight="0.5"/>
    <Geometry depth="0.0" dip="42.0" rake="90.0" width="24.0">
      <Trace>
-118.76200,34.43610,0.00000
-118.83100,34.40470,0.00000
-118.86500,34.40210,0.00000
-118.91304,34.41725,0.00000
-118.92385,34.42704,0.00000
-118.92792,34.44946,0.00000
-118.94363,34.44841,0.00000
-118.97685,34.42210,0.00000
-119.00752,34.42178,0.00000
-119.03671,34.42294,0.00000
-119.08182,34.43573,0.00000
-119.10376,34.43289,0.00000
-119.15906,34.44997,0.00000
</Trace>
    </Geometry>
  </Source>
  <Source id="25" name="Cleghorn">
    <IncrementalMfd m="6.8" rate="0.0017849" type="SINGLE" weight="0.5"/>
    <IncrementalMfd m="6.6" rate="0.0035613" type="SINGLE" weight="0.5"/>
    <Geometry depth="0.0" dip="90.0" rake="0.0" width="16.0">
      <Trace>
-117.46439,34.31127,0.00000
-117.38795,34.28579,0.00000
-117.34550,34.29428,0.00000
-117.31718,34.27730,0.00000
-117.25774,34.27447,0.00000
-117.20396,34.28296,0.00000
</Trace>
    </Geometry>
  </Source>
  <Source id="26" name="North Frontal (West)">
    <IncrementalMfd m="7.2" rate="0.00039779" type="SINGLE" weight="0.5"/>
    <IncrementalMfd m="7.1" rate="0.00056189" type="SINGLE" weight="0.5"/>
    <Geometry depth="0.0" dip="49.0" rake="90.0" width="21.0">
      <Trace>
-117.26906,34.31693,0.00000
-117.22661,34.34524,0.00000
-117.22376,34.37072,0.00000
-117.20113,34.37072,0.00000
-117.20113,34.40468,0.00000
-117.16715,34.43865,0.00000
-117.14451,34.44431,0.00000
-117.10770,34.44148,0.00000
-117.05958,34.42167,0.00000
-117.00297,34.39619,0.00000
-116.98882,34.38204,0.00000
-116.93785,34.36505,0.00000
-116.85011,34.37072,0.00000
</Trace>
    </Geometry>
  </Source>
  <Source id="27" name="North Frontal (East)">
    <IncrementalMfd m="7.0" rate="0.00025795" type="SINGLE" weight="0.5"/>
    <IncrementalMfd m="6.8" rate="0.00051469" type="SINGLE" weight="0.5"/>
    <Geometry depth="0.0" dip="41.0" rake="90.0" width="25.0">
      <Trace>
-116.79988,34.33690,0.00000
-116.74353,34.33338,0.00000
-116.71008,34.34571,0.00000
-116.66958,34.33162,0.00000
-116.64316,34.34042,0.00000
-116.62204,34.33338,0.00000
-116.58857,34.32105,0.00000
-116.53925,34.31929,0.00000
-116.52517,34.31049,0.00000
</Trace>
    </Geometry>
  </Source>
  <Source id="28" name="Helendale - So Lockhart">
    <IncrementalMfd m="7.4" rate="0.00016735" type="SINGLE" weight="0.5"/>
    <IncrementalMfd m="7.3" rate="0.00023639" type="SINGLE" weight="0.5"/>
    <Geometry depth="0.0" dip="90.0" rake="0.0" width="13.0">
      <Trace>
-116.81500,34.32480,0.00000
-116.85700,34.37570,0.00000
-116.94500,34.44100,0.00000
-117.06400,34.53940,0.00000
-117.10600,34.60380,0.00000
-117.32800,34.78680,0.00000
-117.41800,34.91560,0.00000
-117.49700,35.04280,0.00000
-117.59700,35.10870,0.00000
</Trace>
    </Geometry>
  </Source>
  <Source id="33" name="Lenwood - Lockhart - Old Woman Springs">
    <IncrementalMfd m="7.5" rate="0.00023333" type="SINGLE" weight="0.5"/>
    <IncrementalMfd m="7.4" rate="0.00032958" type="SINGLE" weight="0.5"/>
    <Geometry depth="0.0" dip="90.0" rake="0.0" width="13.0">
      <Trace>
-116.64300,34.34980,0.00000
-116.69600,34.46310,0.00000
-116.76700,34.55270,0.00000
-116.84200,34.64510,0.00000
-116.92600,34.75040,0.00000
-117.08500,34.87150,0.00000
-117.24800,34.95360,0.00000
-117.47400,35.05230,0.00000
-117.77600,35.21550,0.00000
</Trace>
    </Geometry>
  </Source>
  <Source id="34" name="Gravel Hills - Harper Lake">
    <IncrementalMfd m="7.1" rate="0.00027979" type="SINGLE" weight="0.5"/>
    <IncrementalMfd m="6.9" rate="0.00055826" type="SINGLE" weight="0.5"/>
    <Geometry depth="0.0" dip="90.0" rake="0.0" width="11.0">
      <Trace>
-116.91851,34.87243,0.00000
-116.96001,34.88799,0.00000
-117.01707,34.94894,0.00000
-117.33739,35.17459,0.00000
-117.45410,35.25629,0.00000
</Trace>
    </Geometry>
  </Source>
  <Source id="38" name="Blackwater">
    <IncrementalMfd m="7.1" rate="0.00019394" type="SINGLE" weight="0.5"/>
    <IncrementalMfd m="6.9" rate="0.00038696" type="SINGLE" weight="0.5"/>
    <Geometry depth="0.0" dip="90.0" rake="0.0" width="12.0">
      <Trace>
-117.03700,35.01430,0.00000
-117.12800,35.10580,0.00000
-117.21400,35.22740,0.00000
-117.31300,35.36630,0.00000
-117.41300,35.44940,0.00000
</Trace>
    </Geometry>
  </Source>
  <Source id="73" name="Calico - Hidalgo">
    <IncrementalMfd m="7.4" rate="0.00055887" type="SINGLE" weight="0.5"/>
    <IncrementalMfd m="7.4" rate="0.00055887" type="SINGLE" weight="0.5"/>
    <Geometry depth="0.0" dip="90.0" rake="0.0" width="14.0">
      <Trace>
-116.15300,34.17260,0.00000
-116.22200,34.28720,0.00000
-116.26400,34.36100,0.00000
-116.34200,34.47680,0.00000
-116.45800,34.58470,0.00000
-116.49500,34.63530,0.00000
-116.52900,34.67440,0.00000
-116.56100,34.71910,0.00000
-116.59600,34.75240,0.00000
-116.68900,34.85680,0.00000
-116.79500,34.92420,0.00000
-116.83700,34.93880,0.00000
-116.92200,34.98890,0.00000
</Trace>
    </Geometry>
  </Source>
  <Source id="75" name="Pisgah - Bullion Mtn - Mesquite Lake">
    <IncrementalMfd m="7.3" rate="0.0002503" type="SINGLE" weight="0.5"/>
    <IncrementalMfd m="7.2" rate="0.00035356" type="SINGLE" weight="0.5"/>
    <Geometry depth="0.0" dip="90.0" rake="0.0" width="13.0">
      <Trace>
-116.00425,34.13712,0.00000
-116.02888,34.15398,0.00000
-116.06131,34.20586,0.00000
-116.12356,34.29145,0.00000
-116.17543,34.39130,0.00000
-116.25195,34.47041,0.00000
-116.25713,34.47948,0.00000
-116.25713,34.49116,0.00000
-116.33364,34.56248,0.00000
-116.37643,34.63381,0.00000
-116.40627,34.69735,0.00000
-116.48537,34.81796,0.00000
</Trace>
    </Geometry>
  </Source>
  <Source id="51" name="So Emerson - Copper Mtn">
    <IncrementalMfd m="7.1" rate="0.00024625" type="SINGLE" weight="0.5"/>
    <IncrementalMfd m="6.9" rate="0.00049133" type="SINGLE" weight="0.5"/>
    <Geometry depth="0.0" dip="90.0" rake="0.0" width="14.0">
      <Trace>
-116.17928,34.15781,0.00000
-116.20528,34.17179,0.00000
-116.24210,34.21128,0.00000
-116.26675,34.23795,0.00000
-116.28379,34.25329,0.00000
-116.30418,34.30812,0.00000
-116.31681,34.33355,0.00000
-116.35028,34.37280,0.00000
-116.37920,34.40653,0.00000
-116.41784,34.43763,0.00000
-116.43914,34.45042,0.00000
-116.47881,34.47130,0.00000
-116.49483,34.48640,0.00000
-116.52253,34.50872,0.00000
-116.53987,34.52942,0.00000
</Trace>
    </Geometry>
  </Source>
  <Source id="58" name="Johnson Valley (No)">
    <IncrementalMfd m="6.9" rate="0.00036102" type="SINGLE" weight="0.5"/>
    <IncrementalMfd m="6.7" rate="0.00072032" type="SINGLE" weight="0.5"/>
    <Geometry depth="0.0" dip="90.0" rake="0.0" width="16.0">
      <Trace>
-116.45820,34.31320,0.00000
-116.48162,34.34338,0.00000
-116.50692,34.37537,0.00000
-116.55389,34.41050,0.00000
-116.58453,34.43032,0.00000
-116.63191,34.47537,0.00000
-116.65424,34.49249,0.00000
-116.69480,34.54475,0.00000
-116.69808,34.55601,0.00000
</Trace>
    </Geometry>
  </Source>
  <Source id="50" name="Landers">
    <IncrementalMfd m="7.4" rate="0.00016368" type="SINGLE" weight="0.5"/>
    <IncrementalMfd m="7.3" rate="0.0002312" type="SINGLE" weight="0.5"/>
    <Geometry depth="0.0" dip="90.0" rake="0.0" width="15.0">
      <Trace>
-116.42100,34.16820,0.00000
-116.43700,34.19670,0.00000
-116.44100,34.27360,0.00000
-116.45390,34.30817,0.00000
-116.45080,34.36412,0.00000
-116.49500,34.44180,0.00000
-116.52738,34.48985,0.00000
-116.53729,34.52057,0.00000
-116.57395,34.56855,0.00000
-116.65136,34.61485,0.00000
-116.67400,34.64750,0.00000
-116.73400,34.69940,0.00000
-116.80800,34.75250,0.00000
-116.85700,34.78310,0.00000
-116.88400,34.83120,0.00000
-116.91700,34.87150,0.00000
</Trace>
    </Geometry>
  </Source>
  <Source id="61" name="Pinto Mtn">
    <IncrementalMfd m="7.3" rate="0.00077477" type="SINGLE" weight="0.5"/>
    <IncrementalMfd m="7.1" rate="0.0015459" type="SINGLE" weight="0.5"/>
    <Geometry depth="0.0" dip="90.0" rake="0.0" width="16.0">
      <Trace>
-116.72039,34.05496,0.00000
-116.70145,34.06018,0.00000
-116.67965,34.07253,0.00000
-116.63834,34.08013,0.00000
-116.59129,34.07870,0.00000
-116.55858,34.08298,0.00000
-116.47939,34.11099,0.00000
-116.45930,34.12429,0.00000
-116.41455,34.13046,0.00000
-116.28314,34.14471,0.00000
-116.22863,34.14756,0.00000
-116.08173,34.13806,0.00000
-116.05362,34.13046,0.00000
-116.01115,34.12571,0.00000
-115.95894,34.10814,0.00000
-115.94344,34.10624,0.00000
</Trace>
    </Geometry>
  </Source>
  <Source id="64" name="Burnt Mtn">
    <IncrementalMfd m="6.8" rate="0.00033224" type="SINGLE" weight="0.5"/>
    <IncrementalMfd rate="0.00093637" type="SINGLE" weight="0.5"/>
    <Geometry depth="0.0" dip="67.0" rake="0.0" width="17.0">
      <Trace>
-116.41198,34.12212,0.00000
-116.41008,34.09358,0.00000
-116.41273,34.06068,0.00000
-116.39983,34.03496,0.00000
-116.39545,34.01312,0.00000
-116.39551,33.98918,0.00000
-116.39051,33.93480,0.00000
</Trace>
    </Geometry>
  </Source>
  <Source id="70" name="Eureka Peak">
    <IncrementalMfd m="6.7" rate="0.00036383" type="SINGLE" weight="0.5"/>
    <IncrementalMfd m="6.4" rate="0.0010254" type="SINGLE" weight="0.5"/>
    <Geometry depth="0.0" dip="90.0" rake="0.0" width="15.0">
      <Trace>
-116.34210,33.96074,0.00000
-116.34317,33.99466,0.00000
-116.34650,34.00991,0.00000
-116.35315,34.02391,0.00000
-116.35514,34.04454,0.00000
-116.39458,34.12244,0.00000
</Trace>
    </Geometry>
  </Source>
  <Source id="82" name="Elmore Ranch">
    <IncrementalMfd m="6.7" rate="0.00070889" type="SINGLE" weight="0.5"/>
    <IncrementalMfd rate="0.0014144" type="SINGLE" weight="0.5"/>
    <Geometry depth="0.0" dip="90.0" rake="0.0" width="11.0">
      <Trace>
-115.65569,33.23095,0.00000
-115.85434,33.02990,0.00000
</Trace>
    </Geometry>
  </Source>
  <Source id="116" name="Imperial">
    <IncrementalMfd m="7.0" rate="0.009241" type="SINGLE" weight="0.5"/>
    <IncrementalMfd m="6.8" rate="0.018438" type="SINGLE" weight="0.5"/>
    <Geometry depth="0.7" dip="82.0" rake="0.0" width="13.0">
      <Trace>
-115.27409,32.58989,0.00000
-115.49982,32.83587,0.00000
-115.53586,32.88044,0.00000
-115.55254,32.92551,0.00000
</Trace>
    </Geometry>
  </Source>
  <Source id="83" name="Superstition Hills">
    <IncrementalMfd m="6.8" rate="0.0024917" type="SINGLE" weight="0.5"/>
    <IncrementalMfd m="6.6" rate="0.0049717" type="SINGLE" weight="0.5"/>
    <Geometry depth="0.6" dip="90.0" rake="0.0" width="11.0">
      <Trace>
-115.89500,33.03440,0.00000
-115.80239,33.00819,0.00000
-115.66400,32.89990,0.00000
-115.60622,32.83026,0.00000
</Trace>
    </Geometry>
  </Source>
  <Source id="93" name="Laguna Salada">
    <IncrementalMfd m="7.3" rate="0.0012501" type="SINGLE" weight="0.5"/>
    <IncrementalMfd m="7.2" rate="0.0017659" type="SINGLE" weight="0.5"/>
    <Geometry depth="0.0" dip="90.0" rake="0.0" width="13.0">
      <Trace>
-115.09900,32.16080,0.00000
-115.20000,32.20140,0.00000
-115.24400,32.22200,0.00000
-115.28700,32.24320,0.00000
-115.32700,32.26300,0.00000
-115.40000,32.28830,0.00000
-115.72000,32.54490,0.00000
-115.80800,32.59190,0.00000
-115.84000,32.66280,0.00000
-115.88300,32.72710,0.00000
</Trace>
    </Geometry>
  </Source>
  <Source id="22" name="San Jose">
    <IncrementalMfd m="6.7" rate="0.00034613" type="SINGLE" weight="0.5"/>
    <IncrementalMfd rate="0.00069061" type="SINGLE" weight="0.5"/>
    <Geometry depth="0.0" dip="74.0" rake="0.0" width="16.0">
      <Trace>
-117.69006,34.11406,0.00000
-117.73052,34.08464,0.00000
-117.83841,34.06012,0.00000
-117.87888,34.03928,0.00000
</Trace>
    </Geometry>
  </Source>
  <Source id="7" name="Hollywood">
    <IncrementalMfd m="6.7" rate="0.00066457" type="SINGLE" weight="0.5"/>
    <IncrementalMfd rate="0.001326" type="SINGLE" weight="0.5"/>
    <Geometry depth="0.0" dip="70.0" rake="0.0" width="18.0">
      <Trace>
-118.23019,34.11920,0.00000
-118.31696,34.11040,0.00000
-118.37228,34.09908,0.00000
-118.40625,34.08399,0.00000
</Trace>
    </Geometry>
  </Source>
  <Source id="466" name="Santa Rosa Island">
    <IncrementalMfd m="6.9" rate="0.000538" type="SINGLE" weight="0.5"/>
    <IncrementalMfd m="6.7" rate="0.0010735" type="SINGLE" weight="0.5"/>
    <Geometry depth="0.0" dip="90.0" rake="0.0" width="9.0">
      <Trace>
-119.90600,34.01120,0.00000
-119.96600,33.98550,0.00000
-120.11100,33.97140,0.00000
-120.18000,33.97220,0.00000
-120.23000,33.98330,0.00000
-120.30000,33.98440,0.00000
-120.35800,33.98730,0.00000
-120.43000,33.98730,0.00000
-120.51100,34.01990,0.00000
</Trace>
    </Geometry>
  </Source>
  <Source id="467" name="Santa Cruz Island">
    <IncrementalMfd m="7.2" rate="0.00035051" type="SINGLE" weight="0.5"/>
    <IncrementalMfd m="7.0" rate="0.00069936" type="SINGLE" weight="0.5"/>
    <Geometry depth="0.0" dip="90.0" rake="0.0" width="13.0">
      <Trace>
-119.99400,34.07270,0.00000
-119.87400,34.03140,0.00000
-119.77800,34.01550,0.00000
-119.72500,34.00480,0.00000
-119.61200,33.98570,0.00000
-119.51500,33.98710,0.00000
-119.34700,33.97850,0.00000
-119.26000,33.98280,0.00000
</Trace>
    </Geometry>
  </Source>
  <Source id="15" name="Verdugo">
    <IncrementalMfd m="6.9" rate="0.00027597" type="SINGLE" weight="0.5"/>
    <IncrementalMfd m="6.7" rate="0.00055063" type="SINGLE" weight="0.5"/>
    <Geometry depth="0.0" dip="55.0" rake="90.0" width="18.0">
      <Trace>
-118.15357,34.13131,0.00000
-118.18648,34.14960,0.00000
-118.22854,34.15508,0.00000
-118.29071,34.19714,0.00000
-118.36569,34.22274,0.00000
-118.40775,34.25383,0.00000
-118.42055,34.26115,0.00000
</Trace>
    </Geometry>
  </Source>
  <Source id="17" name="Sierra Madre (San Fernando)">
    <IncrementalMfd m="6.7" rate="0.0014265" type="SINGLE" weight="0.25"/>
    <IncrementalMfd rate="0.0028462" type="SINGLE" weight="0.25"/>
    <Geometry depth="0.0" dip="45.0" rake="90.0" width="18.0">
      <Trace>
-118.29510,34.27820,0.00000
-118.31963,34.27452,0.00000
-118.39563,34.29046,0.00000
-118.41894,34.30394,0.00000
-118.43365,34.30272,0.00000
-118.46185,34.29291,0.00000
-118.47778,34.30272,0.00000
</Trace>
    </Geometry>
  </Source>
  <Source id="19" name="Sierra Madre">
    <IncrementalMfd m="7.2" rate="0.00077189" type="SINGLE" weight="0.25"/>
    <IncrementalMfd m="7.1" rate="0.0010903" type="SINGLE" weight="0.25"/>
    <Geometry depth="0.0" dip="53.0" rake="90.0" width="18.0">
      <Trace>
-117.74000,34.12310,0.00000
-117.75500,34.12190,0.00000
-117.76900,34.13170,0.00000
-117.80700,34.13050,0.00000
-117.81800,34.13230,0.00000
-117.86000,34.15870,0.00000
-117.88100,34.14700,0.00000
-117.94000,34.15010,0.00000
-117.98500,34.16110,0.00000
-118.00300,34.17520,0.00000
-118.06800,34.17580,0.00000
-118.11200,34.20100,0.00000
-118.14900,34.20280,0.00000
-118.18903,34.21074,0.00000
-118.22268,34.23489,0.00000
-118.26234,34.24945,0.00000
-118.27932,34.25850,0.00000
-118.29000,34.27510,0.00000
</Trace>
    </Geometry>
  </Source>
  <Source id="474" name="Simi - Santa Rosa">
    <IncrementalMfd m="6.9" rate="0.00053935" type="SINGLE" weight="0.5"/>
    <IncrementalMfd m="6.7" rate="0.0010761" type="SINGLE" weight="0.5"/>
    <Geometry depth="1.0" dip="60.0" rake="0.0" width="13.0">
      <Trace>
-118.69600,34.30380,0.00000
-118.75800,34.28350,0.00000
-118.83600,34.27080,0.00000
-118.88500,34.25230,0.00000
-118.95100,34.24680,0.00000
-119.00000,34.23460,0.00000
-119.04300,34.24220,0.00000
-119.10000,34.21680,0.00000
</Trace>
    </Geometry>
  </Source>
  <Source id="132" name="Oak Ridge (Onshore)">
    <IncrementalMfd m="7.2" rate="0.0015277" type="SINGLE" weight="0.375"/>
    <IncrementalMfd m="7.1" rate="0.002158" type="SINGLE" weight="0.375"/>
    <Geometry depth="1.0" dip="65.0" rake="90.0" width="20.0">
      <Trace>
-119.20502,34.24808,0.00000
-119.15823,34.26305,0.00000
-119.09740,34.31651,0.00000
-119.04024,34.35225,0.00000
-118.95891,34.36309,0.00000
-118.88049,34.38133,0.00000
-118.81043,34.38502,0.00000
-118.77422,34.40132,0.00000
-118.72270,34.39777,0.00000
</Trace>
    </Geometry>
  </Source>
  <Source id="468" name="Oak Ridge (Offshore)">
    <IncrementalMfd m="7.0" rate="0.0012907" type="SINGLE" weight="0.125"/>
    <IncrementalMfd m="6.7" rate="0.0036377" type="SINGLE" weight="0.125"/>
    <Geometry depth="0.0" dip="32.0" rake="90.0" width="15.0">
      <Trace>
-119.67800,34.25230,0.00000
-119.60600,34.26140,0.00000
-119.51500,34.25040,0.00000
-119.43200,34.23380,0.00000
-119.35100,34.23150,0.00000
-119.27300,34.25150,0.00000
</Trace>
    </Geometry>
  </Source>
  <Source id="470" name="Oak Ridge Connected">
    <IncrementalMfd m="7.4" rate="0.0010899" type="SINGLE" weight="0.125"/>
    <IncrementalMfd m="7.3" rate="0.0015395" type="SINGLE" weight="0.125"/>
    <Geometry depth="0.6" dip="53.1" rake="90.0" width="18.0">
      <Trace>
-119.67800,34.25230,0.00000
-119.60600,34.26140,0.00000
-119.51500,34.25040,0.00000
-119.43200,34.23380,0.00000
-119.35100,34.23150,0.00000
-119.27300,34.25150,0.00000
-119.20502,34.24808,0.00000
-119.15823,34.26305,0.00000
-119.09740,34.31651,0.00000
-119.04024,34.35225,0.00000
-118.95891,34.36309,0.00000
-118.88049,34.38133,0.00000
-118.81043,34.38502,0.00000
-118.77422,34.40132,0.00000
-118.72270,34.39777,0.00000
</Trace>
    </Geometry>
  </Source>
  <Source id="3" name="Anacapa - Dume - alt 2">
    <IncrementalMfd m="7.2" rate="0.0011513" type="SINGLE" weight="0.125"/>
    <IncrementalMfd m="7.1" rate="0.0016262" type="SINGLE" weight="0.125"/>
    <Geometry depth="1.2" dip="41.0" rake="90.0" width="16.0">
      <Trace>
-118.55200,34.02020,0.00000
-118.64925,33.99192,0.00000
-118.74300,33.97310,0.00000
-118.81900,33.95810,0.00000
-118.93500,33.94740,0.00000
-119.02000,33.96980,0.00000
-119.14500,33.97480,0.00000
-119.22800,33.93880,0.00000
</Trace>
    </Geometry>
  </Source>
  <Source id="1" name="Anacapa - Dume - alt 1">
    <IncrementalMfd m="7.2" rate="0.0012766" type="SINGLE" weight="0.125"/>
    <IncrementalMfd m="7.1" rate="0.0018033" type="SINGLE" weight="0.125"/>
    <Geometry depth="0.0" dip="45.0" rake="90.0" width="22.0">
      <Trace>
-118.69500,33.98320,0.00000
-118.74300,33.97310,0.00000
-118.81900,33.95810,0.00000
-118.93500,33.94740,0.00000
-119.02000,33.96980,0.00000
-119.14500,33.97480,0.00000
-119.22800,33.93880,0.00000
</Trace>
    </Geometry>
  </Source>
  <Source id="574" name="Pitas Point Connected">
    <IncrementalMfd m="7.3" rate="0.00030532" type="SINGLE" weight="0.125"/>
    <IncrementalMfd m="7.1" rate="0.00060919" type="SINGLE" weight="0.125"/>
    <Geometry depth="1.2" dip="55.3" rake="90.0" width="14.0">
      <Trace>
-119.14100,34.34350,0.00000
-119.22400,34.29100,0.00000
-119.30300,34.28740,0.00000
-119.41300,34.30770,0.00000
-119.46300,34.30270,0.00000
-119.58951,34.29189,0.00000
-119.68842,34.30243,0.00000
-119.71721,34.31109,0.00000
-119.74472,34.31672,0.00000
-119.83937,34.33454,0.00000
-119.90105,34.34340,0.00000
-119.95482,34.36939,0.00000
</Trace>
    </Geometry>
  </Source>
  <Source id="577" name="Pitas Point (Upper)">
    <IncrementalMfd m="6.9" rate="0.00048262" type="SINGLE" weight="0.125"/>
    <IncrementalMfd m="6.6" rate="0.0013602" type="SINGLE" weight="0.125"/>
    <Geometry depth="1.4" dip="42.0" rake="90.0" width="13.0">
      <Trace>
-119.58951,34.29189,0.00000
-119.68842,34.30243,0.00000
-119.71721,34.31109,0.00000
-119.74472,34.31672,0.00000
-119.83937,34.33454,0.00000
-119.90105,34.34340,0.00000
-119.95482,34.36939,0.00000
</Trace>
    </Geometry>
  </Source>
  <Source id="461" name="Ventura - Pitas Point">
    <IncrementalMfd m="7.0" rate="0.00051884" type="SINGLE" weight="0.375"/>
    <IncrementalMfd m="6.8" rate="0.0010352" type="SINGLE" weight="0.375"/>
    <Geometry depth="1.0" dip="64.0" rake="90.0" width="16.0">
      <Trace>
-119.14100,34.34350,0.00000
-119.22400,34.29100,0.00000
-119.30300,34.28740,0.00000
-119.41300,34.30770,0.00000
-119.46300,34.30270,0.00000
-119.59300,34.29740,0.00000
</Trace>
    </Geometry>
  </Source>
  <Source id="452" name="Red Mountain">
    <IncrementalMfd m="7.4" rate="0.00065356" type="SINGLE" weight="0.5"/>
    <IncrementalMfd m="7.4" rate="0.00065356" type="SINGLE" weight="0.5"/>
    <Geometry depth="0.0" dip="56.0" rake="90.0" width="17.0">
      <Trace>
-119.30400,34.33860,0.00000
-119.38000,34.33700,0.00000
-119.42400,34.35600,0.00000
-119.47000,34.35730,0.00000
-119.53100,34.35720,0.00000
-119.63100,34.35820,0.00000
-119.74900,34.36170,0.00000
-119.86100,34.38220,0.00000
-119.93900,34.39910,0.00000
-120.38600,34.35730,0.00000
</Trace>
    </Geometry>
  </Source>
  <Source id="113" name="Coronado Bank">
    <IncrementalMfd m="7.4" rate="0.00091878" type="SINGLE" weight="0.25"/>
    <IncrementalMfd m="7.3" rate="0.0012978" type="SINGLE" weight="0.25"/>
    <Geometry depth="0.0" dip="90.0" rake="0.0" width="9.0">
      <Trace>
-117.91700,33.27980,0.00000
-117.83800,33.20660,0.00000
-117.74200,33.07320,0.00000
-117.68700,33.02690,0.00000
-117.61600,32.95200,0.00000
-117.57400,32.92510,0.00000
-117.52000,32.86550,0.00000
-117.50700,32.80850,0.00000
-117.46700,32.75240,0.00000
-117.43300,32.72350,0.00000
-117.41300,32.67860,0.00000
-117.34400,32.62380,0.00000
-117.31500,32.59400,0.00000
-117.29800,32.55190,0.00000
-117.26600,32.49490,0.00000
-116.84000,31.89000,0.00000
</Trace>
    </Geometry>
  </Source>
  <Source id="98" name="Newport - Inglewood (Offshore)">
    <IncrementalMfd m="7.0" rate="0.00077335" type="SINGLE" weight="0.25"/>
    <IncrementalMfd m="6.8" rate="0.001543" type="SINGLE" weight="0.25"/>
    <Geometry depth="0.0" dip="90.0" rake="0.0" width="10.0">
      <Trace>
-117.91455,33.59104,0.00000
-117.79886,33.50804,0.00000
-117.68819,33.40241,0.00000
-117.54735,33.25150,0.00000
-117.48698,33.21629,0.00000
-117.42914,33.15593,0.00000
</Trace>
    </Geometry>
  </Source>
  <Source id="95" name="Newport - Inglewood - alt 1">
    <IncrementalMfd m="7.2" rate="0.00037397" type="SINGLE" weight="0.125"/>
    <IncrementalMfd m="7.1" rate="0.00052824" type="SINGLE" weight="0.125"/>
    <Geometry depth="0.0" dip="88.0" rake="0.0" width="15.0">
      <Trace>
-117.93399,33.61272,0.00000
-117.99303,33.67447,0.00000
-118.04364,33.70454,0.00000
-118.06297,33.71791,0.00000
-118.07570,33.73550,0.00000
-118.11377,33.76485,0.00000
-118.15040,33.78868,0.00000
-118.20568,33.82666,0.00000
-118.21281,33.83212,0.00000
-118.23218,33.84380,0.00000
-118.26426,33.88475,0.00000
-118.28806,33.91153,0.00000
-118.30383,33.93063,0.00000
-118.31824,33.93325,0.00000
-118.32879,33.94794,0.00000
-118.35311,33.96159,0.00000
-118.36031,33.98879,0.00000
-118.36723,34.00236,0.00000
-118.38955,34.04331,0.00000
</Trace>
    </Geometry>
  </Source>
  <Source id="-1" name="Newport - Inglewood - alt 2">
    <IncrementalMfd m="7.2" rate="0.00037829" type="SINGLE" weight="0.125"/>
    <IncrementalMfd m="7.1" rate="0.00053436" type="SINGLE" weight="0.125"/>
    <Geometry depth="0.0" dip="90.0" rake="0.0" width="15.0">
      <Trace>
-117.92467,33.60599,0.00000
-117.99491,33.67800,0.00000
-118.03264,33.69543,0.00000
-118.09271,33.75121,0.00000
-118.19512,33.82041,0.00000
-118.21571,33.85026,0.00000
-118.24791,33.87152,0.00000
-118.28110,33.91318,0.00000
-118.33150,33.95663,0.00000
-118.38955,34.04331,0.00000
</Trace>
    </Geometry>
  </Source>
  <Source id="99" name="Rose Canyon">
    <IncrementalMfd m="6.9" rate="0.00086753" type="SINGLE" weight="0.25"/>
    <IncrementalMfd m="6.7" rate="0.0017309" type="SINGLE" weight="0.25"/>
    <Geometry depth="0.0" dip="90.0" rake="0.0" width="8.0">
      <Trace>
-117.14729,32.56030,0.00000
-117.15052,32.60327,0.00000
-117.16544,32.64777,0.00000
-117.16209,32.70989,0.00000
-117.17044,32.72904,0.00000
-117.19760,32.75951,0.00000
-117.20996,32.80108,0.00000
-117.24129,32.83548,0.00000
-117.26357,32.85454,0.00000
-117.32515,33.01888,0.00000
-117.37692,33.08578,0.00000
-117.39610,33.09707,0.00000
-117.41099,33.10825,0.00000
-117.42337,33.12254,0.00000
</Trace>
    </Geometry>
  </Source>
  <Source id="20" name="Clamshell - Sawpit">
    <IncrementalMfd m="6.7" rate="0.00031447" type="SINGLE" weight="0.5"/>
    <IncrementalMfd m="6.4" rate="0.00088631" type="SINGLE" weight="0.5"/>
    <Geometry depth="0.0" dip="50.0" rake="90.0" width="18.0">
      <Trace>
-117.84576,34.24019,0.00000
-117.88438,34.22180,0.00000
-117.92792,34.21812,0.00000
-117.99902,34.17766,0.00000
</Trace>
    </Geometry>
  </Source>
  <Source id="21" name="Cucamonga">
    <IncrementalMfd m="6.7" rate="0.0033119" type="SINGLE" weight="0.5"/>
    <IncrementalMfd rate="0.0066081" type="SINGLE" weight="0.5"/>
    <Geometry depth="0.0" dip="45.0" rake="90.0" width="11.0">
      <Trace>
-117.44146,34.18038,0.00000
-117.45407,34.17341,0.00000
-117.47722,34.16699,0.00000
-117.49540,34.16741,0.00000
-117.52048,34.16829,0.00000
-117.55824,34.17095,0.00000
-117.56877,34.17179,0.00000
-117.57732,34.16593,0.00000
-117.63310,34.16291,0.00000
-117.66266,34.14843,0.00000
-117.72884,34.12532,0.00000
</Trace>
    </Geometry>
  </Source>
  <Source id="135" name="Channel Islands Thrust">
    <IncrementalMfd m="7.3" rate="0.00051153" type="SINGLE" weight="0.5"/>
    <IncrementalMfd m="7.2" rate="0.00072255" type="SINGLE" weight="0.5"/>
    <Geometry depth="5.0" dip="20.0" rake="90.0" width="21.0">
      <Trace>
-119.26300,34.02580,0.00000
-119.36100,34.00100,0.00000
-119.46600,33.98840,0.00000
-119.52500,33.98660,0.00000
-119.63300,33.96120,0.00000
-119.68000,33.94310,0.00000
-119.75700,33.94310,0.00000
-119.81500,33.94570,0.00000
-119.88200,33.97450,0.00000
</Trace>
    </Geometry>
  </Source>
  <Source id="129" name="Northridge">
    <IncrementalMfd m="6.9" rate="0.00088099" type="SINGLE" weight="0.5"/>
    <IncrementalMfd m="6.7" rate="0.0017578" type="SINGLE" weight="0.5"/>
    <Geometry depth="7.4" dip="35.0" rake="90.0" width="16.0">
      <Trace>
-118.71200,34.41720,0.00000
-118.63400,34.40400,0.00000
-118.59600,34.38370,0.00000
-118.54500,34.35410,0.00000
-118.47800,34.34210,0.00000
-118.42400,34.32820,0.00000
-118.37800,34.30970,0.00000
</Trace>
    </Geometry>
  </Source>
  <Source id="288" name="Great Valley 1">
    <IncrementalMfd m="6.8" rate="6.6621000e-05" type="SINGLE" weight="0.5"/>
    <IncrementalMfd m="6.6" rate="0.00013293" type="SINGLE" weight="0.5"/>
    <Geometry depth="7.0" dip="15.0" rake="90.0" width="10.0">
      <Trace>
-122.29969,39.67855,0.00000
-122.28082,39.28571,0.00000
</Trace>
    </Geometry>
  </Source>
  <Source id="290" name="Great Valley 3 - Mysterious Ridge">
    <IncrementalMfd m="7.1" rate="0.00050604" type="SINGLE" weight="0.5"/>
    <IncrementalMfd m="6.9" rate="0.0010097" type="SINGLE" weight="0.5"/>
    <Geometry depth="9.0" dip="20.0" rake="90.0" width="15.0">
      <Trace>
-122.27771,39.11694,0.00000
-122.04836,38.69012,0.00000
</Trace>
    </Geometry>
  </Source>
  <Source id="289" name="Great Valley 2">
    <IncrementalMfd rate="9.4063000e-05" type="SINGLE" weight="0.5"/>
    <IncrementalMfd m="6.3" rate="0.00018768" type="SINGLE" weight="0.5"/>
    <Geometry depth="7.0" dip="15.0" rake="90.0" width="10.0">
      <Trace>
-122.28084,39.28581,0.00000
-122.29219,39.08907,0.00000
</Trace>
    </Geometry>
  </Source>
  <Source id="291" name="Great Valley 4a - Trout Creek">
    <IncrementalMfd m="6.6" rate="0.0010613" type="SINGLE" weight="0.5"/>
    <IncrementalMfd m="6.4" rate="0.0021177" type="SINGLE" weight="0.5"/>
    <Geometry depth="9.0" dip="20.0" rake="90.0" width="15.0">
      <Trace>
-122.09213,38.68803,0.00000
-121.99900,38.53158,0.00000
</Trace>
    </Geometry>
  </Source>
  <Source id="293" name="Great Valley 5 - Pittsburg Kirby Hills">
    <IncrementalMfd m="6.7" rate="0.00068413" type="SINGLE" weight="0.5"/>
    <IncrementalMfd rate="0.001365" type="SINGLE" weight="0.5"/>
    <Geometry depth="10.0" dip="90.0" rake="0.0" width="10.0">
      <Trace>
-121.97566,38.28408,0.00000
-121.84478,38.01608,0.00000
</Trace>
    </Geometry>
  </Source>
  <Source id="294" name="Great Valley 7">
    <IncrementalMfd m="6.9" rate="0.00072205" type="SINGLE" weight="0.5"/>
    <IncrementalMfd m="6.6" rate="0.002035" type="SINGLE" weight="0.5"/>
    <Geometry depth="7.0" dip="15.0" rake="90.0" width="10.0">
      <Trace>
-121.52409,37.73443,0.00000
-121.16144,37.45441,0.00000
</Trace>
    </Geometry>
  </Source>
  <Source id="295" name="Great Valley 8">
    <IncrementalMfd m="6.8" rate="0.00093314" type="SINGLE" weight="0.5"/>
    <IncrementalMfd m="6.6" rate="0.0018619" type="SINGLE" weight="0.5"/>
    <Geometry depth="7.0" dip="15.0" rake="90.0" width="10.0">
      <Trace>
-121.15798,37.43400,0.00000
-120.98939,37.09232,0.00000
</Trace>
    </Geometry>
  </Source>
  <Source id="297" name="Great Valley 10">
    <IncrementalMfd rate="0.0013904" type="SINGLE" weight="0.5"/>
    <IncrementalMfd m="6.3" rate="0.0027741" type="SINGLE" weight="0.5"/>
    <Geometry depth="7.0" dip="15.0" rake="90.0" width="10.0">
      <Trace>
-120.75850,36.79945,0.00000
-120.64514,36.62798,0.00000
</Trace>
    </Geometry>
  </Source>
  <Source id="298" name="Great Valley 11">
    <IncrementalMfd m="6.6" rate="0.0011168" type="SINGLE" weight="0.5"/>
    <IncrementalMfd m="6.4" rate="0.0022284" type="SINGLE" weight="0.5"/>
    <Geometry depth="7.0" dip="15.0" rake="90.0" width="10.0">
      <Trace>
-120.65305,36.64091,0.00000
-120.44764,36.49507,0.00000
</Trace>
    </Geometry>
  </Source>
  <Source id="299" name="Great Valley 12">
    <IncrementalMfd m="6.4" rate="0.0015885" type="SINGLE" weight="0.5"/>
    <IncrementalMfd m="6.2" rate="0.0031695" type="SINGLE" weight="0.5"/>
    <Geometry depth="7.0" dip="15.0" rake="90.0" width="10.0">
      <Trace>
-120.43829,36.47943,0.00000
-120.34914,36.33982,0.00000
</Trace>
    </Geometry>
  </Source>
  <Source id="301" name="Great Valley 14 (Kettleman Hills)">
    <IncrementalMfd m="7.2" rate="0.0005276" type="SINGLE" weight="0.5"/>
    <IncrementalMfd m="7.0" rate="0.0010527" type="SINGLE" weight="0.5"/>
    <Geometry depth="8.1" dip="22.0" rake="90.0" width="38.0">
      <Trace>
-120.13900,36.13160,0.00000
-120.06800,36.09090,0.00000
-119.97300,36.03660,0.00000
-119.92100,36.00680,0.00000
</Trace>
    </Geometry>
  </Source>
  <Source id="300" name="Great Valley 13 (Coalinga)">
    <IncrementalMfd m="7.1" rate="0.000601" type="SINGLE" weight="0.5"/>
    <IncrementalMfd m="6.9" rate="0.0011991" type="SINGLE" weight="0.5"/>
    <Geometry depth="9.1" dip="15.0" rake="90.0" width="24.0">
      <Trace>
-120.35800,36.35470,0.00000
-120.25400,36.26710,0.00000
-120.11400,36.14990,0.00000
</Trace>
    </Geometry>
  </Source>
  <Source id="208" name="San Joaquin Hills">
    <IncrementalMfd m="7.1" rate="0.00019666" type="SINGLE" weight="0.5"/>
    <IncrementalMfd m="6.9" rate="0.00039239" type="SINGLE" weight="0.5"/>
    <Geometry depth="2.0" dip="23.0" rake="90.0" width="27.0">
      <Trace>
-117.93300,33.69500,0.00000
-117.82300,33.68800,0.00000
-117.73600,33.64700,0.00000
-117.67400,33.59700,0.00000
</Trace>
    </Geometry>
  </Source>
  <Source id="387" name="Little Lake">
    <IncrementalMfd m="6.9" rate="0.00038836" type="SINGLE" weight="0.5"/>
    <IncrementalMfd m="6.7" rate="0.00077488" type="SINGLE" weight="0.5"/>
    <Geometry depth="0.0" dip="90.0" rake="0.0" width="13.0">
      <Trace>
-117.64749,35.60516,0.00000
-117.80907,35.81126,0.00000
-117.88341,35.90688,0.00000
</Trace>
    </Geometry>
  </Source>
  <Source id="385" name="Tank Canyon 50">
    <IncrementalMfd m="6.4" rate="0.0010459" type="SINGLE" weight="0.5"/>
    <IncrementalMfd m="6.2" rate="0.0020868" type="SINGLE" weight="0.5"/>
    <Geometry depth="0.0" dip="50.0" rake="-90.0" width="11.0">
      <Trace>
-117.25027,35.76897,0.00000
-117.22935,35.74856,0.00000
-117.21721,35.68050,0.00000
-117.25269,35.64161,0.00000
</Trace>
    </Geometry>
  </Source>
  <Source id="260" name="Elysian Park (Upper)">
    <IncrementalMfd m="6.7" rate="0.00088027" type="SINGLE" weight="0.5"/>
    <IncrementalMfd rate="0.0017564" type="SINGLE" weight="0.5"/>
    <Geometry depth="3.0" dip="50.0" rake="90.0" width="16.0">
      <Trace>
-118.09977,34.06834,0.00000
-118.13036,34.06122,0.00000
-118.23476,34.06746,0.00000
-118.29677,34.11258,0.00000
</Trace>
    </Geometry>
  </Source>
  <Source id="305" name="Maacama - Garberville">
    <IncrementalMfd m="7.4" rate="0.0027362" type="SINGLE" weight="0.5"/>
    <IncrementalMfd m="7.3" rate="0.003865" type="SINGLE" weight="0.5"/>
    <Geometry depth="2.4" dip="90.0" rake="0.0" width="7.0">
      <Trace>
-122.69300,38.57550,0.00000
-123.00105,38.86445,0.00000
-123.71935,39.99436,0.00000
-124.01653,40.26530,0.00000
</Trace>
    </Geometry>
  </Source>
  <Source id="296" name="Great Valley 9">
    <IncrementalMfd m="6.8" rate="0.00089171" type="SINGLE" weight="0.5"/>
    <IncrementalMfd m="6.6" rate="0.0017792" type="SINGLE" weight="0.5"/>
    <Geometry depth="7.0" dip="15.0" rake="90.0" width="10.0">
      <Trace>
-120.98671,37.10314,0.00000
-120.74888,36.80830,0.00000
</Trace>
    </Geometry>
  </Source>
  <Source id="13" name="Raymond">
    <IncrementalMfd m="6.8" rate="0.0008136" type="SINGLE" weight="0.5"/>
    <IncrementalMfd rate="0.002293" type="SINGLE" weight="0.5"/>
    <Geometry depth="0.0" dip="79.0" rake="90.0" width="16.0">
      <Trace>
-117.99006,34.16296,0.00000
-118.00254,34.16088,0.00000
-118.01495,34.15555,0.00000
-118.02924,34.15071,0.00000
-118.04934,34.14087,0.00000
-118.05745,34.13914,0.00000
-118.08054,34.12964,0.00000
-118.11513,34.12288,0.00000
-118.12312,34.12130,0.00000
-118.12895,34.11832,0.00000
-118.22300,34.12170,0.00000
</Trace>
    </Geometry>
  </Source>
  <Source id="421" name="Casmalia (Orcutt Frontal)">
    <IncrementalMfd m="6.7" rate="0.00016123" type="SINGLE" weight="0.5"/>
    <IncrementalMfd rate="0.00032169" type="SINGLE" weight="0.5"/>
    <Geometry depth="0.0" dip="75.0" rake="90.0" width="10.0">
      <Trace>
-120.64818,34.93305,0.00000
-120.57462,34.91466,0.00000
-120.52067,34.87788,0.00000
-120.45201,34.84723,0.00000
-120.39684,34.84355,0.00000
-120.36987,34.82148,0.00000
</Trace>
    </Geometry>
  </Source>
  <Source id="426" name="Los Alamos - West Baseline">
    <IncrementalMfd m="6.9" rate="0.00041793" type="SINGLE" weight="0.5"/>
    <IncrementalMfd m="6.7" rate="0.00083387" type="SINGLE" weight="0.5"/>
    <Geometry depth="0.0" dip="30.0" rake="90.0" width="20.0">
      <Trace>
-120.31837,34.75895,0.00000
-120.21172,34.73075,0.00000
-120.14429,34.67191,0.00000
-120.06458,34.63145,0.00000
</Trace>
    </Geometry>
  </Source>
  <Source id="575" name="Pitas Point (Lower - West)">
    <IncrementalMfd m="7.3" rate="0.00076084" type="SINGLE" weight="0.25"/>
    <IncrementalMfd m="7.1" rate="0.0015181" type="SINGLE" weight="0.25"/>
    <Geometry depth="1.5" dip="13.0" rake="90.0" width="32.0">
      <Trace>
-119.77574,34.23377,0.00000
-119.83201,34.26542,0.00000
-119.91174,34.28773,0.00000
-119.97836,34.30440,0.00000
-120.06020,34.27551,0.00000
-120.11940,34.24876,0.00000
</Trace>
    </Geometry>
  </Source>
  <Source id="576" name="Pitas Point (Lower) - Montalvo">
    <IncrementalMfd m="7.3" rate="0.00091067" type="SINGLE" weight="0.25"/>
    <IncrementalMfd m="7.2" rate="0.0012863" type="SINGLE" weight="0.25"/>
    <Geometry depth="0.4" dip="16.0" rake="90.0" width="45.0">
      <Trace>
-119.47752,34.17157,0.00000
-119.57209,34.15449,0.00000
-119.63939,34.15026,0.00000
-119.68337,34.15547,0.00000
-119.80253,34.16794,0.00000
</Trace>
    </Geometry>
  </Source>
  <Source id="133" name="North Channel">
    <IncrementalMfd m="6.8" rate="0.00059637" type="SINGLE" weight="0.25"/>
    <IncrementalMfd m="6.6" rate="0.0011899" type="SINGLE" weight="0.25"/>
    <Geometry depth="1.1" dip="26.0" rake="90.0" width="8.0">
      <Trace>
-119.42508,34.31878,0.00000
-119.47553,34.30130,0.00000
-119.50973,34.29743,0.00000
-119.55928,34.30024,0.00000
-119.60474,34.29809,0.00000
-119.64368,34.29404,0.00000
-119.71721,34.31109,0.00000
-119.78853,34.33358,0.00000
-119.90947,34.35373,0.00000
-119.93463,34.39139,0.00000
</Trace>
    </Geometry>
  </Source>
  <Source id="475" name="Malibu Coast - alt 1">
    <IncrementalMfd m="6.7" rate="0.00019629" type="SINGLE" weight="0.25"/>
    <IncrementalMfd rate="0.00039165" type="SINGLE" weight="0.25"/>
    <Geometry depth="0.0" dip="75.0" rake="0.0" width="8.0">
      <Trace>
-118.52500,34.02870,0.00000
-118.62000,34.03740,0.00000
-118.68000,34.03920,0.00000
-118.72700,34.03230,0.00000
-118.79800,34.03300,0.00000
-118.93300,34.04640,0.00000
</Trace>
    </Geometry>
  </Source>
  <Source id="482" name="Malibu Coast - alt 2">
    <IncrementalMfd m="7.0" rate="0.00014894" type="SINGLE" weight="0.25"/>
    <IncrementalMfd m="6.8" rate="0.00029718" type="SINGLE" weight="0.25"/>
    <Geometry depth="0.0" dip="74.0" rake="0.0" width="17.0">
      <Trace>
-118.52500,34.02870,0.00000
-118.62000,34.03740,0.00000
-118.68000,34.03920,0.00000
-118.72700,34.03230,0.00000
-118.79800,34.03300,0.00000
-118.93300,34.04640,0.00000
</Trace>
    </Geometry>
  </Source>
  <Source id="16" name="Santa Susana - alt 1">
    <IncrementalMfd m="6.9" rate="0.0029058" type="SINGLE" weight="0.25"/>
    <IncrementalMfd m="6.7" rate="0.0057978" type="SINGLE" weight="0.25"/>
    <Geometry depth="0.0" dip="55.0" rake="90.0" width="20.0">
      <Trace>
-118.49553,34.32418,0.00000
-118.52319,34.30532,0.00000
-118.54583,34.30029,0.00000
-118.58105,34.32041,0.00000
-118.61626,34.32292,0.00000
-118.63386,34.33298,0.00000
-118.70806,34.35059,0.00000
-118.76715,34.35939,0.00000
</Trace>
    </Geometry>
  </Source>
  <Source id="473" name="Holser - alt 1">
    <IncrementalMfd m="6.8" rate="0.00026118" type="SINGLE" weight="0.25"/>
    <IncrementalMfd m="6.6" rate="0.00052113" type="SINGLE" weight="0.25"/>
    <Geometry depth="0.0" dip="58.0" rake="90.0" width="22.0">
      <Trace>
-118.75333,34.43862,0.00000
-118.73447,34.43862,0.00000
-118.67410,34.44993,0.00000
-118.64267,34.44868,0.00000
-118.54834,34.41724,0.00000
</Trace>
    </Geometry>
  </Source>
  <Source id="87" name="Chino - alt 1">
    <IncrementalMfd m="6.7" rate="0.00061313" type="SINGLE" weight="0.25"/>
    <IncrementalMfd m="6.4" rate="0.001728" type="SINGLE" weight="0.25"/>
    <Geometry depth="0.0" dip="50.0" rake="0.0" width="12.0">
      <Trace>
-117.74500,34.03140,0.00000
-117.70800,33.96550,0.00000
-117.64800,33.90730,0.00000
-117.59700,33.85190,0.00000
</Trace>
    </Geometry>
  </Source>
  <Source id="86" name="Chino - alt 2">
    <IncrementalMfd m="6.8" rate="0.00064381" type="SINGLE" weight="0.25"/>
    <IncrementalMfd m="6.6" rate="0.0012846" type="SINGLE" weight="0.25"/>
    <Geometry depth="0.0" dip="65.0" rake="0.0" width="15.0">
      <Trace>
-117.74547,34.03320,0.00000
-117.71027,33.97237,0.00000
-117.62862,33.88569,0.00000
-117.56576,33.82424,0.00000
</Trace>
    </Geometry>
  </Source>
  <Source id="-1" name="Puente Hills">
    <IncrementalMfd m="7.1" rate="0.00031514" type="SINGLE" weight="0.25"/>
    <IncrementalMfd m="7.0" rate="0.00044515" type="SINGLE" weight="0.25"/>
    <Geometry depth="5.0" dip="25.0" rake="90.0" width="19.0">
      <Trace>
-117.86728,33.92685,0.00000
-118.04324,33.93151,0.00000
-118.14349,33.95408,0.00000
-118.29761,34.05861,0.00000
</Trace>
    </Geometry>
  </Source>
  <Source id="206" name="Puente Hills (LA)">
    <IncrementalMfd m="7.0" rate="0.00033134" type="SINGLE" weight="0.25"/>
    <IncrementalMfd m="6.8" rate="0.0006611" type="SINGLE" weight="0.25"/>
    <Geometry depth="2.1" dip="27.0" rake="90.0" width="28.0">
      <Trace>
-118.12595,33.96896,0.00000
-118.20062,33.95792,0.00000
-118.33495,34.03264,0.00000
</Trace>
    </Geometry>
  </Source>
  <Source id="207" name="Puente Hills (Santa Fe Springs)">
    <IncrementalMfd m="6.7" rate="0.00043238" type="SINGLE" weight="0.25"/>
    <IncrementalMfd m="6.4" rate="0.0012186" type="SINGLE" weight="0.25"/>
    <Geometry depth="2.8" dip="29.0" rake="90.0" width="25.0">
      <Trace>
-118.01782,33.93106,0.00000
-118.07898,33.91569,0.00000
-118.13831,33.90710,0.00000
</Trace>
    </Geometry>
  </Source>
  <Source id="205" name="Puente Hills (Coyote Hills)">
    <IncrementalMfd m="6.9" rate="0.00035168" type="SINGLE" weight="0.25"/>
    <IncrementalMfd m="6.6" rate="0.00099116" type="SINGLE" weight="0.25"/>
    <Geometry depth="2.8" dip="26.0" rake="90.0" width="27.0">
      <Trace>
-117.86731,33.89773,0.00000
-117.92065,33.87146,0.00000
-117.96642,33.87407,0.00000
-118.04352,33.89280,0.00000
</Trace>
    </Geometry>
  </Source>
  <Source id="444" name="San Gabriel">
    <IncrementalMfd m="7.3" rate="0.00032364" type="SINGLE" weight="0.5"/>
    <IncrementalMfd m="7.2" rate="0.00045715" type="SINGLE" weight="0.5"/>
    <Geometry depth="0.0" dip="61.0" rake="0.0" width="17.0">
      <Trace>
-118.28004,34.31781,0.00000
-118.30100,34.33110,0.00000
-118.42800,34.37050,0.00000
-118.48900,34.39470,0.00000
-118.56100,34.43630,0.00000
-118.64400,34.51420,0.00000
-118.69600,34.56060,0.00000
-118.77200,34.62030,0.00000
-118.81600,34.66210,0.00000
-118.87500,34.71400,0.00000
</Trace>
    </Geometry>
  </Source>
  <Source id="91" name="Earthquake Valley">
    <IncrementalMfd m="6.8" rate="0.0011624" type="SINGLE" weight="0.5"/>
    <IncrementalMfd m="6.6" rate="0.0023192" type="SINGLE" weight="0.5"/>
    <Geometry depth="0.0" dip="90.0" rake="0.0" width="19.0">
      <Trace>
-116.58593,33.18055,0.00000
-116.56500,33.16260,0.00000
-116.52700,33.13690,0.00000
-116.49700,33.11060,0.00000
-116.41229,33.07177,0.00000
</Trace>
    </Geometry>
  </Source>
  <Source id="392" name="White Wolf">
    <IncrementalMfd m="7.2" rate="0.00073045" type="SINGLE" weight="0.5"/>
    <IncrementalMfd m="7.0" rate="0.0014574" type="SINGLE" weight="0.5"/>
    <Geometry depth="0.0" dip="75.0" rake="90.0" width="15.0">
      <Trace>
-119.00700,35.02760,0.00000
-118.81100,35.14640,0.00000
-118.77900,35.17760,0.00000
-118.73500,35.20970,0.00000
-118.67200,35.23220,0.00000
-118.60200,35.26730,0.00000
-118.53800,35.32040,0.00000
-118.48700,35.37110,0.00000
-118.47083,35.38390,0.00000
</Trace>
    </Geometry>
  </Source>
  <Source id="259" name="West Tahoe 50">
    <IncrementalMfd m="7.1" rate="0.00028132" type="SINGLE" weight="0.5"/>
    <IncrementalMfd m="7.0" rate="0.00039738" type="SINGLE" weight="0.5"/>
    <Geometry depth="0.0" dip="50.0" rake="-90.0" width="17.0">
      <Trace>
-120.02217,38.81529,0.00000
-120.05866,38.88470,0.00000
-120.07407,38.96611,0.00000
-120.08787,38.99956,0.00000
-120.10571,39.09801,0.00000
-120.08787,39.18257,0.00000
-120.10490,39.21034,0.00000
-120.10895,39.23432,0.00000
-120.12031,39.26209,0.00000
</Trace>
    </Geometry>
  </Source>
  <Source id="186" name="North Tahoe 50">
    <IncrementalMfd m="6.7" rate="0.00030629" type="SINGLE" weight="0.5"/>
    <IncrementalMfd rate="0.00061113" type="SINGLE" weight="0.5"/>
    <Geometry depth="0.0" dip="50.0" rake="-90.0" width="17.0">
      <Trace>
-120.04407,39.11000,0.00000
-120.04488,39.13524,0.00000
-120.04974,39.14912,0.00000
-120.03190,39.17815,0.00000
-119.99297,39.21602,0.00000
-119.97919,39.27092,0.00000
</Trace>
    </Geometry>
  </Source>
  <Source id="292" name="Great Valley 4b - Gordon Valley">
    <IncrementalMfd m="6.8" rate="0.0007897" type="SINGLE" weight="0.5"/>
    <IncrementalMfd m="6.6" rate="0.0015757" type="SINGLE" weight="0.5"/>
    <Geometry depth="9.0" dip="20.0" rake="90.0" width="15.0">
      <Trace>
-122.04736,38.52846,0.00000
-122.02940,38.43972,0.00000
-121.94630,38.28669,0.00000
</Trace>
    </Geometry>
  </Source>
  <Source id="104" name="Palos Verdes Connected">
    <IncrementalMfd m="7.7" rate="0.00060025" type="SINGLE" weight="0.25"/>
    <IncrementalMfd m="7.7" rate="0.00060025" type="SINGLE" weight="0.25"/>
    <Geometry depth="0.0" dip="90.0" rake="0.0" width="10.0">
      <Trace>
-118.55700,33.97020,0.00000
-118.49600,33.90210,0.00000
-118.43900,33.86370,0.00000
-118.40000,33.81750,0.00000
-118.33400,33.78950,0.00000
-118.25400,33.74720,0.00000
-118.23300,33.69190,0.00000
-118.14600,33.58350,0.00000
-118.11900,33.54490,0.00000
-118.08000,33.48160,0.00000
-118.06000,33.44280,0.00000
-117.98600,33.35460,0.00000
-117.94300,33.31840,0.00000
-117.91700,33.27980,0.00000
-117.83800,33.20660,0.00000
-117.74200,33.07320,0.00000
-117.68700,33.02690,0.00000
-117.61600,32.95200,0.00000
-117.57400,32.92510,0.00000
-117.52000,32.86550,0.00000
-117.50700,32.80850,0.00000
-117.46700,32.75240,0.00000
-117.43300,32.72350,0.00000
-117.41300,32.67860,0.00000
-117.34400,32.62380,0.00000
-117.31500,32.59400,0.00000
-117.29800,32.55190,0.00000
-117.26600,32.49490,0.00000
-116.84000,31.89000,0.00000
</Trace>
    </Geometry>
  </Source>
  <Source id="96" name="Newport Inglewood Connected alt 1">
    <IncrementalMfd m="7.5" rate="0.00037943" type="SINGLE" weight="0.125"/>
    <IncrementalMfd m="7.5" rate="0.00037943" type="SINGLE" weight="0.125"/>
    <Geometry depth="0.0" dip="89.1" rake="0.0" width="11.0">
      <Trace>
-117.14729,32.56030,0.00000
-117.15052,32.60327,0.00000
-117.16544,32.64777,0.00000
-117.16209,32.70989,0.00000
-117.17044,32.72904,0.00000
-117.19760,32.75951,0.00000
-117.20996,32.80108,0.00000
-117.24129,32.83548,0.00000
-117.26357,32.85454,0.00000
-117.32515,33.01888,0.00000
-117.37692,33.08578,0.00000
-117.39610,33.09707,0.00000
-117.41099,33.10825,0.00000
-117.42337,33.12254,0.00000
-117.42914,33.15593,0.00000
-117.48698,33.21629,0.00000
-117.54735,33.25150,0.00000
-117.68819,33.40241,0.00000
-117.79886,33.50804,0.00000
-117.91455,33.59104,0.00000
-117.93399,33.61272,0.00000
-117.99303,33.67447,0.00000
-118.04364,33.70454,0.00000
-118.06297,33.71791,0.00000
-118.07570,33.73550,0.00000
-118.11377,33.76485,0.00000
-118.15040,33.78868,0.00000
-118.20568,33.82666,0.00000
-118.21281,33.83212,0.00000
-118.23218,33.84380,0.00000
-118.26426,33.88475,0.00000
-118.28806,33.91153,0.00000
-118.30383,33.93063,0.00000
-118.31824,33.93325,0.00000
-118.32879,33.94794,0.00000
-118.35311,33.96159,0.00000
-118.36031,33.98879,0.00000
-118.36723,34.00236,0.00000
-118.38955,34.04331,0.00000
</Trace>
    </Geometry>
  </Source>
  <Source id="97" name="Newport Inglewood Connected alt 2">
    <IncrementalMfd m="7.5" rate="0.00038096" type="SINGLE" weight="0.125"/>
    <IncrementalMfd m="7.5" rate="0.00038096" type="SINGLE" weight="0.125"/>
    <Geometry depth="0.0" dip="90.0" rake="0.0" width="11.0">
      <Trace>
-117.14729,32.56030,0.00000
-117.15052,32.60327,0.00000
-117.16544,32.64777,0.00000
-117.16209,32.70989,0.00000
-117.17044,32.72904,0.00000
-117.19760,32.75951,0.00000
-117.20996,32.80108,0.00000
-117.24129,32.83548,0.00000
-117.26357,32.85454,0.00000
-117.32515,33.01888,0.00000
-117.37692,33.08578,0.00000
-117.39610,33.09707,0.00000
-117.41099,33.10825,0.00000
-117.42337,33.12254,0.00000
-117.42914,33.15593,0.00000
-117.48698,33.21629,0.00000
-117.54735,33.25150,0.00000
-117.68819,33.40241,0.00000
-117.79886,33.50804,0.00000
-117.91455,33.59104,0.00000
-117.92467,33.60599,0.00000
-117.99491,33.67800,0.00000
-118.03264,33.69543,0.00000
-118.09271,33.75121,0.00000
-118.19512,33.82041,0.00000
-118.21571,33.85026,0.00000
-118.24791,33.87152,0.00000
-118.28110,33.91318,0.00000
-118.33150,33.95663,0.00000
-118.38955,34.04331,0.00000
</Trace>
    </Geometry>
  </Source>
  <Source id="-1" name="Santa Monica - alt 2">
    <IncrementalMfd m="6.8" rate="0.0006431" type="SINGLE" weight="0.125"/>
    <IncrementalMfd m="6.6" rate="0.0012831" type="SINGLE" weight="0.125"/>
    <Geometry depth="0.0" dip="50.0" rake="0.0" width="15.0">
      <Trace>
-118.28400,34.10930,0.00000
-118.38900,34.07240,0.00000
-118.43400,34.05030,0.00000
-118.45800,34.03300,0.00000
-118.46700,34.04190,0.00000
-118.49800,34.03640,0.00000
-118.54100,34.03020,0.00000
-118.55200,34.02020,0.00000
</Trace>
    </Geometry>
  </Source>
  <Source id="4" name="Santa Monica - alt 1">
    <IncrementalMfd m="6.6" rate="0.00081005" type="SINGLE" weight="0.125"/>
    <IncrementalMfd m="6.4" rate="0.0016163" type="SINGLE" weight="0.125"/>
    <Geometry depth="0.0" dip="75.0" rake="0.0" width="19.0">
      <Trace>
-118.41177,34.06908,0.00000
-118.45583,34.04205,0.00000
-118.47492,34.03560,0.00000
-118.48130,34.03156,0.00000
-118.52473,34.03043,0.00000
-118.55442,34.03243,0.00000
</Trace>
    </Geometry>
  </Source>
  <Source id="5" name="Santa Monica Connected alt 1">
    <IncrementalMfd m="7.3" rate="0.00097598" type="SINGLE" weight="0.125"/>
    <IncrementalMfd m="7.3" rate="0.00097598" type="SINGLE" weight="0.125"/>
    <Geometry depth="0.0" dip="50.8" rake="90.0" width="21.0">
      <Trace>
-118.41177,34.06908,0.00000
-118.45583,34.04205,0.00000
-118.47492,34.03560,0.00000
-118.48130,34.03156,0.00000
-118.52473,34.03043,0.00000
-118.55442,34.03243,0.00000
-118.69500,33.98320,0.00000
-118.74300,33.97310,0.00000
-118.81900,33.95810,0.00000
-118.93500,33.94740,0.00000
-119.02000,33.96980,0.00000
-119.14500,33.97480,0.00000
-119.22800,33.93880,0.00000
</Trace>
    </Geometry>
  </Source>
  <Source id="6" name="Santa Monica Connected alt 2">
    <IncrementalMfd m="7.4" rate="0.00065796" type="SINGLE" weight="0.125"/>
    <IncrementalMfd m="7.3" rate="0.00092939" type="SINGLE" weight="0.125"/>
    <Geometry depth="0.8" dip="43.7" rake="90.0" width="15.0">
      <Trace>
-118.28400,34.10930,0.00000
-118.38900,34.07240,0.00000
-118.43400,34.05030,0.00000
-118.45800,34.03300,0.00000
-118.46700,34.04190,0.00000
-118.49800,34.03640,0.00000
-118.54100,34.03020,0.00000
-118.55200,34.02020,0.00000
-118.64925,33.99192,0.00000
-118.74300,33.97310,0.00000
-118.81900,33.95810,0.00000
-118.93500,33.94740,0.00000
-119.02000,33.96980,0.00000
-119.14500,33.97480,0.00000
-119.22800,33.93880,0.00000
</Trace>
    </Geometry>
  </Source>
  <Source id="437" name="Santa Ynez Connected">
    <IncrementalMfd m="7.4" rate="0.00060724" type="SINGLE" weight="0.25"/>
    <IncrementalMfd m="7.3" rate="0.00085775" type="SINGLE" weight="0.25"/>
    <Geometry depth="0.0" dip="70.0" rake="0.0" width="12.0">
      <Trace>
-120.30700,34.51210,0.00000
-120.26300,34.51470,0.00000
-120.20800,34.52390,0.00000
-120.12000,34.54420,0.00000
-120.03100,34.56180,0.00000
-119.97700,34.56030,0.00000
-119.93500,34.54740,0.00000
-119.86700,34.55330,0.00000
-119.80600,34.54840,0.00000
-119.73200,34.52050,0.00000
-119.63550,34.49920,0.00000
-119.55300,34.48800,0.00000
-119.50100,34.48880,0.00000
-119.43500,34.49870,0.00000
-119.32000,34.50670,0.00000
-119.23000,34.52930,0.00000
-119.16400,34.53150,0.00000
-118.95400,34.56970,0.00000
-118.90400,34.58390,0.00000
</Trace>
    </Geometry>
  </Source>
  <Source id="18" name="Sierra Madre Connected">
    <IncrementalMfd m="7.3" rate="0.00072604" type="SINGLE" weight="0.25"/>
    <IncrementalMfd m="7.2" rate="0.0010256" type="SINGLE" weight="0.25"/>
    <Geometry depth="0.0" dip="51.0" rake="90.0" width="18.0">
      <Trace>
-117.74000,34.12310,0.00000
-117.75500,34.12190,0.00000
-117.76900,34.13170,0.00000
-117.80700,34.13050,0.00000
-117.81800,34.13230,0.00000
-117.86000,34.15870,0.00000
-117.88100,34.14700,0.00000
-117.94000,34.15010,0.00000
-117.98500,34.16110,0.00000
-118.00300,34.17520,0.00000
-118.06800,34.17580,0.00000
-118.11200,34.20100,0.00000
-118.14900,34.20280,0.00000
-118.18903,34.21074,0.00000
-118.22268,34.23489,0.00000
-118.26234,34.24945,0.00000
-118.27932,34.25850,0.00000
-118.29510,34.27820,0.00000
-118.31963,34.27452,0.00000
-118.39563,34.29046,0.00000
-118.41894,34.30394,0.00000
-118.43365,34.30272,0.00000
-118.46185,34.29291,0.00000
-118.47778,34.30272,0.00000
</Trace>
    </Geometry>
  </Source>
  <Source id="376" name="Panamint Valley">
    <IncrementalMfd m="7.4" rate="0.0006807" type="SINGLE" weight="0.25"/>
    <IncrementalMfd m="7.3" rate="0.00096151" type="SINGLE" weight="0.25"/>
    <Geometry depth="0.0" dip="90.0" rake="0.0" width="13.0">
      <Trace>
-116.90464,35.61219,0.00000
-116.94231,35.63979,0.00000
-116.97594,35.65978,0.00000
-117.05161,35.68278,0.00000
-117.09048,35.71124,0.00000
-117.12139,35.75447,0.00000
-117.16798,35.86077,0.00000
-117.17103,35.89043,0.00000
-117.18646,35.92067,0.00000
-117.21472,36.00811,0.00000
-117.21964,36.03833,0.00000
-117.19669,36.07086,0.00000
-117.21976,36.20697,0.00000
-117.26433,36.26987,0.00000
-117.31814,36.30707,0.00000
-117.41147,36.43964,0.00000
</Trace>
    </Geometry>
  </Source>
  <Source id="144" name="Death Valley (Black Mtns Frontal)">
    <IncrementalMfd m="7.3" rate="0.0012328" type="SINGLE" weight="0.25"/>
    <IncrementalMfd m="7.1" rate="0.0024597" type="SINGLE" weight="0.25"/>
    <Geometry depth="0.0" dip="60.0" rake="0.0" width="15.0">
      <Trace>
-116.88402,36.52913,0.00000
-116.85824,36.48024,0.00000
-116.83069,36.40468,0.00000
-116.78180,36.32912,0.00000
-116.75423,36.19489,0.00000
-116.76102,36.14441,0.00000
-116.72456,36.09418,0.00000
-116.76102,36.04886,0.00000
-116.72305,35.99129,0.00000
-116.69038,35.89178,0.00000
</Trace>
    </Geometry>
  </Source>
  <Source id="145" name="Death Valley (So)">
    <IncrementalMfd m="6.9" rate="0.0023414" type="SINGLE" weight="0.25"/>
    <IncrementalMfd m="6.7" rate="0.0046718" type="SINGLE" weight="0.25"/>
    <Geometry depth="0.0" dip="90.0" rake="0.0" width="13.0">
      <Trace>
-116.39900,35.60150,0.00000
-116.44051,35.63214,0.00000
-116.46253,35.66713,0.00000
-116.62127,35.84145,0.00000
-116.66400,35.87480,0.00000
-116.69038,35.89178,0.00000
</Trace>
    </Geometry>
  </Source>
  <Source id="142" name="Death Valley Connected">
    <IncrementalMfd m="7.8" rate="0.00089597" type="SINGLE" weight="0.25"/>
    <IncrementalMfd m="7.9" rate="0.0006343" type="SINGLE" weight="0.25"/>
    <Geometry depth="0.0" dip="81.6" rake="0.0" width="14.0">
      <Trace>
-118.19231,37.82865,0.00000
-118.15497,37.75171,0.00000
-118.12399,37.71606,0.00000
-118.09322,37.66143,0.00000
-118.07466,37.61347,0.00000
-118.05708,37.60012,0.00000
-118.03401,37.58902,0.00000
-117.96381,37.52333,0.00000
-117.80731,37.36744,0.00000
-117.76252,37.34746,0.00000
-117.69734,37.32084,0.00000
-117.66754,37.30194,0.00000
-117.65300,37.29410,0.00000
-117.44300,37.07840,0.00000
-117.40700,37.05170,0.00000
-117.31300,36.95780,0.00000
-117.28300,36.91250,0.00000
-117.24500,36.87600,0.00000
-117.18000,36.79680,0.00000
-117.15600,36.75770,0.00000
-117.10000,36.70680,0.00000
-116.98800,36.62340,0.00000
-116.94400,36.59280,0.00000
-116.89200,36.56150,0.00000
-116.88402,36.52913,0.00000
-116.85824,36.48024,0.00000
-116.83069,36.40468,0.00000
-116.78180,36.32912,0.00000
-116.75423,36.19489,0.00000
-116.76102,36.14441,0.00000
-116.72456,36.09418,0.00000
-116.76102,36.04886,0.00000
-116.72305,35.99129,0.00000
-116.69038,35.89178,0.00000
-116.66400,35.87480,0.00000
-116.62127,35.84145,0.00000
-116.46253,35.66713,0.00000
-116.44051,35.63214,0.00000
-116.39900,35.60150,0.00000
</Trace>
    </Geometry>
  </Source>
  <Source id="374" name="Hunter Mountain Connected">
    <IncrementalMfd m="7.6" rate="0.00055603" type="SINGLE" weight="0.25"/>
    <IncrementalMfd m="7.6" rate="0.00055603" type="SINGLE" weight="0.25"/>
    <Geometry depth="0.0" dip="90.0" rake="0.0" width="13.0">
      <Trace>
-116.90464,35.61219,0.00000
-116.94231,35.63979,0.00000
-116.97594,35.65978,0.00000
-117.05161,35.68278,0.00000
-117.09048,35.71124,0.00000
-117.12139,35.75447,0.00000
-117.16798,35.86077,0.00000
-117.17103,35.89043,0.00000
-117.18646,35.92067,0.00000
-117.21472,36.00811,0.00000
-117.21964,36.03833,0.00000
-117.19669,36.07086,0.00000
-117.21976,36.20697,0.00000
-117.26433,36.26987,0.00000
-117.31814,36.30707,0.00000
-117.41147,36.43964,0.00000
-117.43249,36.47527,0.00000
-117.54011,36.52326,0.00000
-117.62083,36.56991,0.00000
-117.68136,36.61723,0.00000
-117.82178,36.66050,0.00000
-117.84952,36.70512,0.00000
-117.87559,36.75447,0.00000
-117.95210,36.92416,0.00000
</Trace>
    </Geometry>
  </Source>
  <Source id="325" name="Greenville Connected">
    <IncrementalMfd m="7.0" rate="0.0010294" type="SINGLE" weight="0.5"/>
    <IncrementalMfd m="6.8" rate="0.0020539" type="SINGLE" weight="0.5"/>
    <Geometry depth="0.8" dip="90.0" rake="0.0" width="14.0">
      <Trace>
-121.54080,37.49940,0.00000
-121.55390,37.52560,0.00000
-121.58080,37.57540,0.00000
-121.64380,37.64390,0.00000
-121.66470,37.68580,0.00000
-121.69970,37.72190,0.00000
-121.76300,37.79300,0.00000
-121.83280,37.88390,0.00000
</Trace>
    </Geometry>
  </Source>
  <Source id="311" name="Green Valley Connected">
    <IncrementalMfd m="6.8" rate="0.0029187" type="SINGLE" weight="0.5"/>
    <IncrementalMfd m="6.6" rate="0.0058236" type="SINGLE" weight="0.5"/>
    <Geometry depth="3.7" dip="90.0" rake="0.0" width="7.0">
      <Trace>
-122.17890,38.38250,0.00000
-122.14590,38.25870,0.00000
-122.07660,38.03890,0.00000
-121.98960,37.90030,0.00000
</Trace>
    </Geometry>
  </Source>
  <Source id="152" name="Little Salmon Connected">
    <IncrementalMfd m="7.5" rate="0.00076277" type="SINGLE" weight="0.25"/>
    <IncrementalMfd m="7.5" rate="0.00076277" type="SINGLE" weight="0.25"/>
    <Geometry depth="0.0" dip="30.0" rake="90.0" width="26.0">
      <Trace>
-123.99000,40.53400,0.00000
-124.10399,40.58400,0.00000
-124.17800,40.64600,0.00000
-124.23100,40.76400,0.00000
-124.35200,40.79600,0.00000
-124.47499,40.94100,0.00000
-124.64099,41.00400,0.00000
</Trace>
    </Geometry>
  </Source>
  <Source id="354" name="San Gregorio Connected">
    <IncrementalMfd m="7.5" rate="0.0014119" type="SINGLE" weight="0.5"/>
    <IncrementalMfd m="7.4" rate="0.0019943" type="SINGLE" weight="0.5"/>
    <Geometry depth="0.6" dip="90.0" rake="0.0" width="11.0">
      <Trace>
-121.85930,36.31310,0.00000
-121.90000,36.35900,0.00000
-121.93510,36.41940,0.00000
-121.95380,36.46690,0.00000
-121.98030,36.51720,0.00000
-122.02120,36.55610,0.00000
-122.09450,36.66960,0.00000
-122.12950,36.74960,0.00000
-122.15550,36.85280,0.00000
-122.39360,37.29060,0.00000
-122.61660,37.76820,0.00000
</Trace>
    </Geometry>
  </Source>
</FaultSourceSet>
