<?xml version="1.0" encoding="UTF-8" standalone="yes"?>
<GridSourceSet id="-1" name="brawmap.in" weight="1.0">
  <!-- This model is an example and for review purposes only -->
  <!-- Original source file: brawmap.in -->
  <Settings>
    <DefaultMfds>
      <IncrementalMfd a="0.0" b="0.8" dMag="0.1" mMax="6.45" mMin="5.05" type="GR" weight="1.0"/>
    </DefaultMfds>
    <SourceProperties focalMechMap="[STRIKE_SLIP:0.5,NORMAL:0.5,REVERSE:0.0]" magDepthMap="[6.5::[5.0:1.0]; 10.0::[1.0:1.0]]" maxDepth="14.0" ruptureScaling="NSHM_POINT_WC94_LENGTH" strike="157.0"/>
  </Settings>
  <Nodes>
    <Node a="5.1813126e-06" type="GR">-115.9,32.8,0.0</Node>
    <Node a="0.00091313751" type="GR">-115.8,32.8,0.0</Node>
    <Node a="0.037195638" type="GR">-115.7,32.8,0.0</Node>
    <Node a="0.3660877" type="GR">-115.6,32.8,0.0</Node>
    <Node a="1.0107284" type="GR">-115.5,32.8,0.0</Node>
    <Node a="0.99966675" type="GR">-115.4,32.8,0.0</Node>
    <Node a="0.35250708" type="GR">-115.3,32.8,0.0</Node>
    <Node a="0.033758081" type="GR">-115.2,32.8,0.0</Node>
    <Node a="1.0550561e-05" type="GR">-116.0,32.9,0.0</Node>
    <Node a="0.0019282741" type="GR">-115.9,32.9,0.0</Node>
    <Node a="0.081537515" type="GR">-115.8,32.9,0.0</Node>
    <Node a="0.86153841" type="GR">-115.7,32.9,0.0</Node>
    <Node a="2.608345" type="GR">-115.6,32.9,0.0</Node>
    <Node a="2.88096" type="GR">-115.5,32.9,0.0</Node>
    <Node a="1.293159" type="GR">-115.4,32.9,0.0</Node>
    <Node a="0.19548962" type="GR">-115.3,32.9,0.0</Node>
    <Node a="0.007034238" type="GR">-115.2,32.9,0.0</Node>
    <Node a="0.00018206993" type="GR">-116.0,33.0,0.0</Node>
    <Node a="0.016446216" type="GR">-115.9,33.0,0.0</Node>
    <Node a="0.35342881" type="GR">-115.8,33.0,0.0</Node>
    <Node a="2.073869" type="GR">-115.7,33.0,0.0</Node>
    <Node a="4.264986" type="GR">-115.6,33.0,0.0</Node>
    <Node a="3.9852347" type="GR">-115.5,33.0,0.0</Node>
    <Node a="1.6175078" type="GR">-115.4,33.0,0.0</Node>
    <Node a="0.27974784" type="GR">-115.3,33.0,0.0</Node>
    <Node a="0.018158559" type="GR">-115.2,33.0,0.0</Node>
    <Node a="0.0020566527" type="GR">-116.0,33.1,0.0</Node>
    <Node a="0.092935592" type="GR">-115.9,33.1,0.0</Node>
    <Node a="1.0484452" type="GR">-115.8,33.1,0.0</Node>
    <Node a="3.7135022" type="GR">-115.7,33.1,0.0</Node>
    <Node a="5.3460627" type="GR">-115.6,33.1,0.0</Node>
    <Node a="3.2845042" type="GR">-115.5,33.1,0.0</Node>
    <Node a="0.82876092" type="GR">-115.4,33.1,0.0</Node>
    <Node a="0.092614368" type="GR">-115.3,33.1,0.0</Node>
    <Node a="0.0036880975" type="GR">-115.2,33.1,0.0</Node>
    <Node a="0.015348486" type="GR">-116.0,33.2,0.0</Node>
    <Node a="0.35475978" type="GR">-115.9,33.2,0.0</Node>
    <Node a="2.1848228" type="GR">-115.8,33.2,0.0</Node>
    <Node a="4.8626413" type="GR">-115.7,33.2,0.0</Node>
    <Node a="4.6769228" type="GR">-115.6,33.2,0.0</Node>
    <Node a="1.8471652" type="GR">-115.5,33.2,0.0</Node>
    <Node a="0.31621316" type="GR">-115.4,33.2,0.0</Node>
    <Node a="0.022918545" type="GR">-115.3,33.2,0.0</Node>
    <Node a="0.00050597277" type="GR">-115.2,33.2,0.0</Node>
    <Node a="0.076068558" type="GR">-116.0,33.3,0.0</Node>
    <Node a="0.82448232" type="GR">-115.9,33.3,0.0</Node>
    <Node a="2.7870657" type="GR">-115.8,33.3,0.0</Node>
    <Node a="4.0134611" type="GR">-115.7,33.3,0.0</Node>
    <Node a="2.5211883" type="GR">-115.6,33.3,0.0</Node>
    <Node a="0.68850303" type="GR">-115.5,33.3,0.0</Node>
    <Node a="0.088248476" type="GR">-115.4,33.3,0.0</Node>
    <Node a="0.0039646151" type="GR">-115.3,33.3,0.0</Node>
    <Node a="4.6237783e-05" type="GR">-115.2,33.3,0.0</Node>
    <Node a="0.025533846" type="GR">-116.0,33.4,0.0</Node>
    <Node a="0.37436718" type="GR">-115.9,33.4,0.0</Node>
    <Node a="1.6113693" type="GR">-115.8,33.4,0.0</Node>
    <Node a="2.2879286" type="GR">-115.7,33.4,0.0</Node>
    <Node a="1.1531881" type="GR">-115.6,33.4,0.0</Node>
    <Node a="0.24529132" type="GR">-115.5,33.4,0.0</Node>
    <Node a="0.020351019" type="GR">-115.4,33.4,0.0</Node>
    <Node a="0.0004866831" type="GR">-115.3,33.4,0.0</Node>
    <Node a="2.8372101e-06" type="GR">-115.2,33.4,0.0</Node>
    <Node a="0.036300104" type="GR">-116.0,33.5,0.0</Node>
    <Node a="0.32443696" type="GR">-115.9,33.5,0.0</Node>
    <Node a="0.67554456" type="GR">-115.8,33.5,0.0</Node>
    <Node a="0.32718539" type="GR">-115.7,33.5,0.0</Node>
    <Node a="0.036802653" type="GR">-115.6,33.5,0.0</Node>
    <Node a="0.00095982704" type="GR">-115.5,33.5,0.0</Node>
    <Node a="5.7884881e-06" type="GR">-115.4,33.5,0.0</Node>
  </Nodes>
</GridSourceSet>
