<?xml version="1.0" encoding="UTF-8" standalone="yes"?>
<GridSourceSet id="-1" name="creepmap.in" weight="1.0">
  <!-- This model is an example and for review purposes only -->
  <!-- Original source file: creepmap.in -->
  <Settings>
    <DefaultMfds>
      <IncrementalMfd a="0.0" b="0.9" dMag="0.1" mMax="5.95" mMin="5.05" type="GR" weight="1.0"/>
    </DefaultMfds>
    <SourceProperties focalMechMap="[STRIKE_SLIP:1.0,NORMAL:0.0,REVERSE:0.0]" magDepthMap="[6.5::[5.0:1.0]; 10.0::[1.0:1.0]]" maxDepth="14.0" ruptureScaling="NSHM_POINT_WC94_LENGTH" strike="317.5"/>
  </Settings>
  <Nodes>
    <Node a="4.5759730e-06" type="GR">-121.0,35.8,0.0</Node>
    <Node a="0.00030576665" type="GR">-120.9,35.8,0.0</Node>
    <Node a="0.008454225" type="GR">-120.8,35.8,0.0</Node>
    <Node a="0.098850012" type="GR">-120.7,35.8,0.0</Node>
    <Node a="0.5085634" type="GR">-120.6,35.8,0.0</Node>
    <Node a="1.2592288" type="GR">-120.5,35.8,0.0</Node>
    <Node a="1.7401803" type="GR">-120.4,35.8,0.0</Node>
    <Node a="1.3301473" type="GR">-120.3,35.8,0.0</Node>
    <Node a="0.57140046" type="GR">-120.2,35.8,0.0</Node>
    <Node a="4.6535647e-06" type="GR">-121.1,35.9,0.0</Node>
    <Node a="0.00079884974" type="GR">-121.0,35.9,0.0</Node>
    <Node a="0.021028055" type="GR">-120.9,35.9,0.0</Node>
    <Node a="0.23313899" type="GR">-120.8,35.9,0.0</Node>
    <Node a="1.1411862" type="GR">-120.7,35.9,0.0</Node>
    <Node a="2.6601632" type="GR">-120.6,35.9,0.0</Node>
    <Node a="3.3017774" type="GR">-120.5,35.9,0.0</Node>
    <Node a="2.2066727" type="GR">-120.4,35.9,0.0</Node>
    <Node a="0.77058899" type="GR">-120.3,35.9,0.0</Node>
    <Node a="0.17009856" type="GR">-120.2,35.9,0.0</Node>
    <Node a="4.7322510e-06" type="GR">-121.2,36.0,0.0</Node>
    <Node a="0.00081263442" type="GR">-121.1,36.0,0.0</Node>
    <Node a="0.037952103" type="GR">-121.0,36.0,0.0</Node>
    <Node a="0.41024119" type="GR">-120.9,36.0,0.0</Node>
    <Node a="1.9807106" type="GR">-120.8,36.0,0.0</Node>
    <Node a="4.7628689" type="GR">-120.7,36.0,0.0</Node>
    <Node a="6.5134501" type="GR">-120.6,36.0,0.0</Node>
    <Node a="5.4701719" type="GR">-120.5,36.0,0.0</Node>
    <Node a="2.819" type="GR">-120.4,36.0,0.0</Node>
    <Node a="0.74073321" type="GR">-120.3,36.0,0.0</Node>
    <Node a="0.016138276" type="GR">-120.2,36.0,0.0</Node>
    <Node a="4.8110396e-06" type="GR">-121.4,36.1,0.0</Node>
    <Node a="0.00031385347" type="GR">-121.3,36.1,0.0</Node>
    <Node a="0.0090348357" type="GR">-121.2,36.1,0.0</Node>
    <Node a="0.12854217" type="GR">-121.1,36.1,0.0</Node>
    <Node a="0.99746275" type="GR">-121.0,36.1,0.0</Node>
    <Node a="3.5456777" type="GR">-120.9,36.1,0.0</Node>
    <Node a="7.0775728" type="GR">-120.8,36.1,0.0</Node>
    <Node a="8.6484728" type="GR">-120.7,36.1,0.0</Node>
    <Node a="7.1557631" type="GR">-120.6,36.1,0.0</Node>
    <Node a="3.792733" type="GR">-120.5,36.1,0.0</Node>
    <Node a="1.0968951" type="GR">-120.4,36.1,0.0</Node>
    <Node a="0.18456778" type="GR">-120.3,36.1,0.0</Node>
    <Node a="0.00048814467" type="GR">-120.2,36.1,0.0</Node>
    <Node a="0.00050977239" type="GR">-121.4,36.2,0.0</Node>
    <Node a="0.012797548" type="GR">-121.3,36.2,0.0</Node>
    <Node a="0.15258031" type="GR">-121.2,36.2,0.0</Node>
    <Node a="1.0118107" type="GR">-121.1,36.2,0.0</Node>
    <Node a="3.8676109" type="GR">-121.0,36.2,0.0</Node>
    <Node a="7.6741176" type="GR">-120.9,36.2,0.0</Node>
    <Node a="9.6878538" type="GR">-120.8,36.2,0.0</Node>
    <Node a="7.7744002" type="GR">-120.7,36.2,0.0</Node>
    <Node a="3.7893865" type="GR">-120.6,36.2,0.0</Node>
    <Node a="1.1985469" type="GR">-120.5,36.2,0.0</Node>
    <Node a="0.19406089" type="GR">-120.4,36.2,0.0</Node>
    <Node a="0.016753074" type="GR">-120.3,36.2,0.0</Node>
    <Node a="4.7054759e-06" type="GR">-120.2,36.2,0.0</Node>
    <Node a="1.9890284e-05" type="GR">-121.5,36.3,0.0</Node>
    <Node a="0.01822841" type="GR">-121.4,36.3,0.0</Node>
    <Node a="0.20484425" type="GR">-121.3,36.3,0.0</Node>
    <Node a="1.314256" type="GR">-121.2,36.3,0.0</Node>
    <Node a="5.1249633" type="GR">-121.1,36.3,0.0</Node>
    <Node a="10.473372" type="GR">-121.0,36.3,0.0</Node>
    <Node a="12.460996" type="GR">-120.9,36.3,0.0</Node>
    <Node a="8.8633003" type="GR">-120.8,36.3,0.0</Node>
    <Node a="4.3008618" type="GR">-120.7,36.3,0.0</Node>
    <Node a="0.95373785" type="GR">-120.6,36.3,0.0</Node>
    <Node a="0.16496471" type="GR">-120.5,36.3,0.0</Node>
    <Node a="0.013238803" type="GR">-120.4,36.3,0.0</Node>
    <Node a="0.00050093094" type="GR">-120.3,36.3,0.0</Node>
    <Node a="5.0603389e-06" type="GR">-121.7,36.4,0.0</Node>
    <Node a="0.00033740708" type="GR">-121.6,36.4,0.0</Node>
    <Node a="0.011718976" type="GR">-121.5,36.4,0.0</Node>
    <Node a="0.35581255" type="GR">-121.4,36.4,0.0</Node>
    <Node a="2.2063184" type="GR">-121.3,36.4,0.0</Node>
    <Node a="8.3963127" type="GR">-121.2,36.4,0.0</Node>
    <Node a="19.084702" type="GR">-121.1,36.4,0.0</Node>
    <Node a="25.297527" type="GR">-121.0,36.4,0.0</Node>
    <Node a="18.506687" type="GR">-120.9,36.4,0.0</Node>
    <Node a="5.4298291" type="GR">-120.8,36.4,0.0</Node>
    <Node a="1.680419" type="GR">-120.7,36.4,0.0</Node>
    <Node a="0.1198695" type="GR">-120.6,36.4,0.0</Node>
    <Node a="0.0094007123" type="GR">-120.5,36.4,0.0</Node>
    <Node a="0.00032239742" type="GR">-120.4,36.4,0.0</Node>
    <Node a="4.8649185e-06" type="GR">-120.3,36.4,0.0</Node>
    <Node a="0.00053013617" type="GR">-121.7,36.5,0.0</Node>
    <Node a="0.014652942" type="GR">-121.6,36.5,0.0</Node>
    <Node a="0.25157174" type="GR">-121.5,36.5,0.0</Node>
    <Node a="2.4555364" type="GR">-121.4,36.5,0.0</Node>
    <Node a="9.2973757" type="GR">-121.3,36.5,0.0</Node>
    <Node a="21.115517" type="GR">-121.2,36.5,0.0</Node>
    <Node a="28.662836" type="GR">-121.1,36.5,0.0</Node>
    <Node a="21.776255" type="GR">-121.0,36.5,0.0</Node>
    <Node a="8.5705786" type="GR">-120.9,36.5,0.0</Node>
    <Node a="1.2327123" type="GR">-120.8,36.5,0.0</Node>
    <Node a="0.2187769" type="GR">-120.7,36.5,0.0</Node>
    <Node a="0.00032034842" type="GR">-120.6,36.5,0.0</Node>
    <Node a="4.9448258e-06" type="GR">-120.5,36.5,0.0</Node>
    <Node a="3.6637077e-05" type="GR">-121.8,36.6,0.0</Node>
    <Node a="0.019748298" type="GR">-121.7,36.6,0.0</Node>
    <Node a="0.28852424" type="GR">-121.6,36.6,0.0</Node>
    <Node a="2.9341025" type="GR">-121.5,36.6,0.0</Node>
    <Node a="12.530208" type="GR">-121.4,36.6,0.0</Node>
    <Node a="30.161068" type="GR">-121.3,36.6,0.0</Node>
    <Node a="39.407352" type="GR">-121.2,36.6,0.0</Node>
    <Node a="26.96365" type="GR">-121.1,36.6,0.0</Node>
    <Node a="9.5396461" type="GR">-121.0,36.6,0.0</Node>
    <Node a="1.9770771" type="GR">-120.9,36.6,0.0</Node>
    <Node a="0.19776133" type="GR">-120.8,36.6,0.0</Node>
    <Node a="0.018110769" type="GR">-120.7,36.6,0.0</Node>
    <Node a="0.0038097694" type="GR">-121.8,36.7,0.0</Node>
    <Node a="0.27378988" type="GR">-121.7,36.7,0.0</Node>
    <Node a="2.3790779" type="GR">-121.6,36.7,0.0</Node>
    <Node a="13.688483" type="GR">-121.5,36.7,0.0</Node>
    <Node a="31.187346" type="GR">-121.4,36.7,0.0</Node>
    <Node a="39.298382" type="GR">-121.3,36.7,0.0</Node>
    <Node a="27.238903" type="GR">-121.2,36.7,0.0</Node>
    <Node a="10.600499" type="GR">-121.1,36.7,0.0</Node>
    <Node a="2.058656" type="GR">-121.0,36.7,0.0</Node>
    <Node a="0.23001894" type="GR">-120.9,36.7,0.0</Node>
    <Node a="0.013720287" type="GR">-120.8,36.7,0.0</Node>
    <Node a="0.00053804158" type="GR">-120.7,36.7,0.0</Node>
    <Node a="0.12438822" type="GR">-121.8,36.8,0.0</Node>
    <Node a="1.8407775" type="GR">-121.7,36.8,0.0</Node>
    <Node a="9.3165178" type="GR">-121.6,36.8,0.0</Node>
    <Node a="27.220278" type="GR">-121.5,36.8,0.0</Node>
    <Node a="33.102825" type="GR">-121.4,36.8,0.0</Node>
    <Node a="22.076767" type="GR">-121.3,36.8,0.0</Node>
    <Node a="8.3164291" type="GR">-121.2,36.8,0.0</Node>
    <Node a="1.8074819" type="GR">-121.1,36.8,0.0</Node>
    <Node a="0.19016038" type="GR">-121.0,36.8,0.0</Node>
    <Node a="0.010894862" type="GR">-120.9,36.8,0.0</Node>
    <Node a="0.00032912524" type="GR">-120.8,36.8,0.0</Node>
    <Node a="5.2054907e-06" type="GR">-120.7,36.8,0.0</Node>
    <Node a="1.2753863" type="GR">-121.8,36.9,0.0</Node>
    <Node a="5.9197321" type="GR">-121.7,36.9,0.0</Node>
    <Node a="14.325263" type="GR">-121.6,36.9,0.0</Node>
    <Node a="18.33573" type="GR">-121.5,36.9,0.0</Node>
    <Node a="12.578084" type="GR">-121.4,36.9,0.0</Node>
    <Node a="4.7418032" type="GR">-121.3,36.9,0.0</Node>
    <Node a="0.91285282" type="GR">-121.2,36.9,0.0</Node>
    <Node a="0.082609996" type="GR">-121.1,36.9,0.0</Node>
    <Node a="0.002410253" type="GR">-121.0,36.9,0.0</Node>
    <Node a="2.1172016e-05" type="GR">-120.9,36.9,0.0</Node>
    <Node a="4.105619" type="GR">-121.8,37.0,0.0</Node>
    <Node a="10.679425" type="GR">-121.7,37.0,0.0</Node>
    <Node a="11.280154" type="GR">-121.6,37.0,0.0</Node>
    <Node a="6.5570621" type="GR">-121.5,37.0,0.0</Node>
    <Node a="2.1627533" type="GR">-121.4,37.0,0.0</Node>
    <Node a="0.38060787" type="GR">-121.3,37.0,0.0</Node>
    <Node a="0.032563124" type="GR">-121.2,37.0,0.0</Node>
    <Node a="0.0012562294" type="GR">-121.1,37.0,0.0</Node>
    <Node a="1.0760592e-05" type="GR">-121.0,37.0,0.0</Node>
    <Node a="0.58749962" type="GR">-121.7,37.1,0.0</Node>
    <Node a="0.74432617" type="GR">-121.6,37.1,0.0</Node>
    <Node a="0.39763844" type="GR">-121.5,37.1,0.0</Node>
    <Node a="0.0893379" type="GR">-121.4,37.1,0.0</Node>
    <Node a="0.0084237941" type="GR">-121.3,37.1,0.0</Node>
    <Node a="0.00033235777" type="GR">-121.2,37.1,0.0</Node>
    <Node a="5.4782995e-06" type="GR">-121.1,37.1,0.0</Node>
  </Nodes>
</GridSourceSet>
