<?xml version="1.0" encoding="UTF-8" standalone="yes"?>
<GridSourceSet id="-1" name="mendo.in" weight="1.0">
  <!-- This model is an example and for review purposes only -->
  <!-- Original source file: mendo.in -->
  <Settings>
    <DefaultMfds>
      <IncrementalMfd a="0.0" b="0.8" dMag="0.1" mMax="7.25" mMin="5.05" type="GR" weight="1.0"/>
    </DefaultMfds>
    <SourceProperties focalMechMap="[STRIKE_SLIP:0.5,NORMAL:0.0,REVERSE:0.5]" magDepthMap="[6.5::[5.0:1.0]; 10.0::[1.0:1.0]]" maxDepth="14.0" ruptureScaling="NSHM_POINT_WC94_LENGTH" strike="90.0"/>
  </Settings>
  <Nodes>
    <Node a="0.0067808512" type="GR">-125.3,39.8,0.0</Node>
    <Node a="0.0071583469" type="GR">-125.2,39.8,0.0</Node>
    <Node a="0.00739526" type="GR">-125.1,39.8,0.0</Node>
    <Node a="0.0074753328" type="GR">-125.0,39.8,0.0</Node>
    <Node a="0.0073953262" type="GR">-124.9,39.8,0.0</Node>
    <Node a="0.0071584792" type="GR">-124.8,39.8,0.0</Node>
    <Node a="0.0067809438" type="GR">-124.7,39.8,0.0</Node>
    <Node a="0.0045205671" type="GR">-124.3,39.8,0.0</Node>
    <Node a="0.004772271" type="GR">-124.2,39.8,0.0</Node>
    <Node a="0.0049301679" type="GR">-124.1,39.8,0.0</Node>
    <Node a="0.0049835509" type="GR">-124.0,39.8,0.0</Node>
    <Node a="0.004930194" type="GR">-123.9,39.8,0.0</Node>
    <Node a="0.0047723232" type="GR">-123.8,39.8,0.0</Node>
    <Node a="0.0045206291" type="GR">-123.7,39.8,0.0</Node>
    <Node a="0.0022609201" type="GR">-125.4,39.9,0.0</Node>
    <Node a="0.27510443" type="GR">-125.3,39.9,0.0</Node>
    <Node a="0.291841" type="GR">-125.2,39.9,0.0</Node>
    <Node a="0.30235499" type="GR">-125.1,39.9,0.0</Node>
    <Node a="0.30589464" type="GR">-125.0,39.9,0.0</Node>
    <Node a="0.30225137" type="GR">-124.9,39.9,0.0</Node>
    <Node a="0.29163963" type="GR">-124.8,39.9,0.0</Node>
    <Node a="0.27271935" type="GR">-124.7,39.9,0.0</Node>
    <Node a="0.18181203" type="GR">-124.3,39.9,0.0</Node>
    <Node a="0.19291872" type="GR">-124.2,39.9,0.0</Node>
    <Node a="0.1999087" type="GR">-124.1,39.9,0.0</Node>
    <Node a="0.20228626" type="GR">-124.0,39.9,0.0</Node>
    <Node a="0.19990906" type="GR">-123.9,39.9,0.0</Node>
    <Node a="0.19291922" type="GR">-123.8,39.9,0.0</Node>
    <Node a="0.18181287" type="GR">-123.7,39.9,0.0</Node>
    <Node a="0.0022617169" type="GR">-125.9,40.0,0.0</Node>
    <Node a="0.0046484685" type="GR">-125.8,40.0,0.0</Node>
    <Node a="0.0048519555" type="GR">-125.7,40.0,0.0</Node>
    <Node a="0.0049569034" type="GR">-125.6,40.0,0.0</Node>
    <Node a="0.004956922" type="GR">-125.5,40.0,0.0</Node>
    <Node a="0.095785514" type="GR">-125.4,40.0,0.0</Node>
    <Node a="1.0319785" type="GR">-125.3,40.0,0.0</Node>
    <Node a="1.0949773" type="GR">-125.2,40.0,0.0</Node>
    <Node a="1.1330004" type="GR">-125.1,40.0,0.0</Node>
    <Node a="1.1497086" type="GR">-125.0,40.0,0.0</Node>
    <Node a="1.1331068" type="GR">-124.9,40.0,0.0</Node>
    <Node a="1.0908886" type="GR">-124.8,40.0,0.0</Node>
    <Node a="0.94048268" type="GR">-124.7,40.0,0.0</Node>
    <Node a="0.014305878" type="GR">-124.6,40.0,0.0</Node>
    <Node a="0.014504075" type="GR">-124.5,40.0,0.0</Node>
    <Node a="0.016672628" type="GR">-124.4,40.0,0.0</Node>
    <Node a="0.6312871" type="GR">-124.3,40.0,0.0</Node>
    <Node a="0.67455977" type="GR">-124.2,40.0,0.0</Node>
    <Node a="0.69817621" type="GR">-124.1,40.0,0.0</Node>
    <Node a="0.7046119" type="GR">-124.0,40.0,0.0</Node>
    <Node a="0.6911388" type="GR">-123.9,40.0,0.0</Node>
    <Node a="0.66497689" type="GR">-123.8,40.0,0.0</Node>
    <Node a="0.62144595" type="GR">-123.7,40.0,0.0</Node>
    <Node a="0.0022617958" type="GR">-123.6,40.0,0.0</Node>
    <Node a="0.0045239152" type="GR">-126.2,40.1,0.0</Node>
    <Node a="0.0092965979" type="GR">-126.1,40.1,0.0</Node>
    <Node a="0.0097016804" type="GR">-126.0,40.1,0.0</Node>
    <Node a="0.1031187" type="GR">-125.9,40.1,0.0</Node>
    <Node a="0.19970834" type="GR">-125.8,40.1,0.0</Node>
    <Node a="0.21309471" type="GR">-125.7,40.1,0.0</Node>
    <Node a="0.21988168" type="GR">-125.6,40.1,0.0</Node>
    <Node a="0.21762545" type="GR">-125.5,40.1,0.0</Node>
    <Node a="0.52047265" type="GR">-125.4,40.1,0.0</Node>
    <Node a="0.89523387" type="GR">-125.3,40.1,0.0</Node>
    <Node a="0.841223" type="GR">-125.2,40.1,0.0</Node>
    <Node a="0.77285302" type="GR">-125.1,40.1,0.0</Node>
    <Node a="0.95587319" type="GR">-125.0,40.1,0.0</Node>
    <Node a="0.96002686" type="GR">-124.9,40.1,0.0</Node>
    <Node a="1.0335846" type="GR">-124.8,40.1,0.0</Node>
    <Node a="0.81461918" type="GR">-124.7,40.1,0.0</Node>
    <Node a="0.64562649" type="GR">-124.6,40.1,0.0</Node>
    <Node a="0.65722805" type="GR">-124.5,40.1,0.0</Node>
    <Node a="0.74181104" type="GR">-124.4,40.1,0.0</Node>
    <Node a="0.7405445" type="GR">-124.3,40.1,0.0</Node>
    <Node a="0.82182127" type="GR">-124.2,40.1,0.0</Node>
    <Node a="0.71857214" type="GR">-124.1,40.1,0.0</Node>
    <Node a="0.60307449" type="GR">-124.0,40.1,0.0</Node>
    <Node a="0.41101179" type="GR">-123.9,40.1,0.0</Node>
    <Node a="0.3869724" type="GR">-123.8,40.1,0.0</Node>
    <Node a="0.27944922" type="GR">-123.7,40.1,0.0</Node>
    <Node a="0.09094809" type="GR">-123.6,40.1,0.0</Node>
    <Node a="0.18191792" type="GR">-126.2,40.2,0.0</Node>
    <Node a="0.38162547" type="GR">-126.1,40.2,0.0</Node>
    <Node a="0.406712" type="GR">-126.0,40.2,0.0</Node>
    <Node a="0.81720394" type="GR">-125.9,40.2,0.0</Node>
    <Node a="1.1554105" type="GR">-125.8,40.2,0.0</Node>
    <Node a="1.3673095" type="GR">-125.7,40.2,0.0</Node>
    <Node a="1.4833378" type="GR">-125.6,40.2,0.0</Node>
    <Node a="1.4087002" type="GR">-125.5,40.2,0.0</Node>
    <Node a="1.4052429" type="GR">-125.4,40.2,0.0</Node>
    <Node a="1.8777175" type="GR">-125.3,40.2,0.0</Node>
    <Node a="1.7716733" type="GR">-125.2,40.2,0.0</Node>
    <Node a="1.5766237" type="GR">-125.1,40.2,0.0</Node>
    <Node a="2.2062039" type="GR">-125.0,40.2,0.0</Node>
    <Node a="2.6876473" type="GR">-124.9,40.2,0.0</Node>
    <Node a="3.475893" type="GR">-124.8,40.2,0.0</Node>
    <Node a="4.3636289" type="GR">-124.7,40.2,0.0</Node>
    <Node a="4.7384338" type="GR">-124.6,40.2,0.0</Node>
    <Node a="4.8813972" type="GR">-124.5,40.2,0.0</Node>
    <Node a="5.0866957" type="GR">-124.4,40.2,0.0</Node>
    <Node a="4.43435" type="GR">-124.3,40.2,0.0</Node>
    <Node a="4.1192379" type="GR">-124.2,40.2,0.0</Node>
    <Node a="3.1846664" type="GR">-124.1,40.2,0.0</Node>
    <Node a="2.0899551" type="GR">-124.0,40.2,0.0</Node>
    <Node a="1.2532394" type="GR">-123.9,40.2,0.0</Node>
    <Node a="0.85485733" type="GR">-123.8,40.2,0.0</Node>
    <Node a="0.51640576" type="GR">-123.7,40.2,0.0</Node>
    <Node a="0.30965534" type="GR">-123.6,40.2,0.0</Node>
    <Node a="0.61944062" type="GR">-126.2,40.3,0.0</Node>
    <Node a="1.5571768" type="GR">-126.1,40.3,0.0</Node>
    <Node a="1.9270138" type="GR">-126.0,40.3,0.0</Node>
    <Node a="2.3928056" type="GR">-125.9,40.3,0.0</Node>
    <Node a="2.623538" type="GR">-125.8,40.3,0.0</Node>
    <Node a="3.3311911" type="GR">-125.7,40.3,0.0</Node>
    <Node a="4.1728711" type="GR">-125.6,40.3,0.0</Node>
    <Node a="4.513731" type="GR">-125.5,40.3,0.0</Node>
    <Node a="4.5426722" type="GR">-125.4,40.3,0.0</Node>
    <Node a="5.2087269" type="GR">-125.3,40.3,0.0</Node>
    <Node a="6.1522241" type="GR">-125.2,40.3,0.0</Node>
    <Node a="6.4024329" type="GR">-125.1,40.3,0.0</Node>
    <Node a="6.5719504" type="GR">-125.0,40.3,0.0</Node>
    <Node a="7.6494417" type="GR">-124.9,40.3,0.0</Node>
    <Node a="9.0771036" type="GR">-124.8,40.3,0.0</Node>
    <Node a="11.007687" type="GR">-124.7,40.3,0.0</Node>
    <Node a="11.191848" type="GR">-124.6,40.3,0.0</Node>
    <Node a="11.342542" type="GR">-124.5,40.3,0.0</Node>
    <Node a="11.209828" type="GR">-124.4,40.3,0.0</Node>
    <Node a="10.760281" type="GR">-124.3,40.3,0.0</Node>
    <Node a="8.6942701" type="GR">-124.2,40.3,0.0</Node>
    <Node a="6.1847234" type="GR">-124.1,40.3,0.0</Node>
    <Node a="3.4167385" type="GR">-124.0,40.3,0.0</Node>
    <Node a="2.4172626" type="GR">-123.9,40.3,0.0</Node>
    <Node a="1.0379763" type="GR">-123.8,40.3,0.0</Node>
    <Node a="0.71508336" type="GR">-123.7,40.3,0.0</Node>
    <Node a="0.08925692" type="GR">-123.6,40.3,0.0</Node>
    <Node a="0.17853798" type="GR">-126.2,40.4,0.0</Node>
    <Node a="1.4811697" type="GR">-126.1,40.4,0.0</Node>
    <Node a="3.0493941" type="GR">-126.0,40.4,0.0</Node>
    <Node a="3.4729912" type="GR">-125.9,40.4,0.0</Node>
    <Node a="4.2411642" type="GR">-125.8,40.4,0.0</Node>
    <Node a="4.8677278" type="GR">-125.7,40.4,0.0</Node>
    <Node a="7.07127" type="GR">-125.6,40.4,0.0</Node>
    <Node a="9.2720842" type="GR">-125.5,40.4,0.0</Node>
    <Node a="10.161266" type="GR">-125.4,40.4,0.0</Node>
    <Node a="9.878334" type="GR">-125.3,40.4,0.0</Node>
    <Node a="11.287226" type="GR">-125.2,40.4,0.0</Node>
    <Node a="11.022626" type="GR">-125.1,40.4,0.0</Node>
    <Node a="10.954348" type="GR">-125.0,40.4,0.0</Node>
    <Node a="9.5011139" type="GR">-124.9,40.4,0.0</Node>
    <Node a="8.9205389" type="GR">-124.8,40.4,0.0</Node>
    <Node a="8.1278696" type="GR">-124.7,40.4,0.0</Node>
    <Node a="7.8632865" type="GR">-124.6,40.4,0.0</Node>
    <Node a="7.1714768" type="GR">-124.5,40.4,0.0</Node>
    <Node a="7.6580148" type="GR">-124.4,40.4,0.0</Node>
    <Node a="7.1035485" type="GR">-124.3,40.4,0.0</Node>
    <Node a="6.0434856" type="GR">-124.2,40.4,0.0</Node>
    <Node a="4.0733852" type="GR">-124.1,40.4,0.0</Node>
    <Node a="2.7755051" type="GR">-124.0,40.4,0.0</Node>
    <Node a="2.0050192" type="GR">-123.9,40.4,0.0</Node>
    <Node a="1.0885063" type="GR">-123.8,40.4,0.0</Node>
    <Node a="0.18088011" type="GR">-123.7,40.4,0.0</Node>
    <Node a="0.0021781062" type="GR">-123.6,40.4,0.0</Node>
    <Node a="0.0043578646" type="GR">-126.2,40.5,0.0</Node>
    <Node a="0.89660728" type="GR">-126.1,40.5,0.0</Node>
    <Node a="3.083703" type="GR">-126.0,40.5,0.0</Node>
    <Node a="3.8843925" type="GR">-125.9,40.5,0.0</Node>
    <Node a="5.3556204" type="GR">-125.8,40.5,0.0</Node>
    <Node a="5.8896408" type="GR">-125.7,40.5,0.0</Node>
    <Node a="7.3794866" type="GR">-125.6,40.5,0.0</Node>
    <Node a="8.2896433" type="GR">-125.5,40.5,0.0</Node>
    <Node a="8.1935482" type="GR">-125.4,40.5,0.0</Node>
    <Node a="6.8886223" type="GR">-125.3,40.5,0.0</Node>
    <Node a="6.9190974" type="GR">-125.2,40.5,0.0</Node>
    <Node a="5.6710062" type="GR">-125.1,40.5,0.0</Node>
    <Node a="5.8751493" type="GR">-125.0,40.5,0.0</Node>
    <Node a="4.7676883" type="GR">-124.9,40.5,0.0</Node>
    <Node a="4.4670978" type="GR">-124.8,40.5,0.0</Node>
    <Node a="4.3357992" type="GR">-124.7,40.5,0.0</Node>
    <Node a="4.2697573" type="GR">-124.6,40.5,0.0</Node>
    <Node a="4.4504409" type="GR">-124.5,40.5,0.0</Node>
    <Node a="5.4855165" type="GR">-124.4,40.5,0.0</Node>
    <Node a="4.8262367" type="GR">-124.3,40.5,0.0</Node>
    <Node a="4.3848553" type="GR">-124.2,40.5,0.0</Node>
    <Node a="3.631263" type="GR">-124.1,40.5,0.0</Node>
    <Node a="2.8082545" type="GR">-124.0,40.5,0.0</Node>
    <Node a="1.9952945" type="GR">-123.9,40.5,0.0</Node>
    <Node a="1.1127757" type="GR">-123.8,40.5,0.0</Node>
    <Node a="0.004357717" type="GR">-123.7,40.5,0.0</Node>
    <Node a="0.1851626" type="GR">-126.1,40.6,0.0</Node>
    <Node a="0.74075866" type="GR">-126.0,40.6,0.0</Node>
    <Node a="0.96627575" type="GR">-125.9,40.6,0.0</Node>
    <Node a="1.3656627" type="GR">-125.8,40.6,0.0</Node>
    <Node a="1.4962372" type="GR">-125.7,40.6,0.0</Node>
    <Node a="1.7859454" type="GR">-125.6,40.6,0.0</Node>
    <Node a="1.8798568" type="GR">-125.5,40.6,0.0</Node>
    <Node a="1.7665603" type="GR">-125.4,40.6,0.0</Node>
    <Node a="1.39333" type="GR">-125.3,40.6,0.0</Node>
    <Node a="1.2980283" type="GR">-125.2,40.6,0.0</Node>
    <Node a="0.93680686" type="GR">-125.1,40.6,0.0</Node>
    <Node a="1.0071741" type="GR">-125.0,40.6,0.0</Node>
    <Node a="0.8171407" type="GR">-124.9,40.6,0.0</Node>
    <Node a="0.80817074" type="GR">-124.8,40.6,0.0</Node>
    <Node a="0.8830204" type="GR">-124.7,40.6,0.0</Node>
    <Node a="0.88963622" type="GR">-124.6,40.6,0.0</Node>
    <Node a="1.2950928" type="GR">-124.5,40.6,0.0</Node>
    <Node a="1.5907377" type="GR">-124.4,40.6,0.0</Node>
    <Node a="1.4392532" type="GR">-124.3,40.6,0.0</Node>
    <Node a="1.3492393" type="GR">-124.2,40.6,0.0</Node>
    <Node a="1.2272736" type="GR">-124.1,40.6,0.0</Node>
    <Node a="1.0085021" type="GR">-124.0,40.6,0.0</Node>
    <Node a="0.78234529" type="GR">-123.9,40.6,0.0</Node>
    <Node a="0.27229214" type="GR">-123.8,40.6,0.0</Node>
    <Node a="0.0043588551" type="GR">-126.1,40.7,0.0</Node>
    <Node a="0.017768949" type="GR">-126.0,40.7,0.0</Node>
    <Node a="0.023339694" type="GR">-125.9,40.7,0.0</Node>
    <Node a="0.033098541" type="GR">-125.8,40.7,0.0</Node>
    <Node a="0.036302794" type="GR">-125.7,40.7,0.0</Node>
    <Node a="0.043072928" type="GR">-125.6,40.7,0.0</Node>
    <Node a="0.044963211" type="GR">-125.5,40.7,0.0</Node>
    <Node a="0.041946031" type="GR">-125.4,40.7,0.0</Node>
    <Node a="0.032817613" type="GR">-125.3,40.7,0.0</Node>
    <Node a="0.03023153" type="GR">-125.2,40.7,0.0</Node>
    <Node a="0.0214082" type="GR">-125.1,40.7,0.0</Node>
    <Node a="0.023123929" type="GR">-125.0,40.7,0.0</Node>
    <Node a="0.018789578" type="GR">-124.9,40.7,0.0</Node>
    <Node a="0.018752975" type="GR">-124.8,40.7,0.0</Node>
    <Node a="0.020838831" type="GR">-124.7,40.7,0.0</Node>
    <Node a="0.02107482" type="GR">-124.6,40.7,0.0</Node>
    <Node a="0.11291145" type="GR">-124.5,40.7,0.0</Node>
    <Node a="0.12591626" type="GR">-124.4,40.7,0.0</Node>
    <Node a="0.12600057" type="GR">-124.3,40.7,0.0</Node>
    <Node a="0.125136" type="GR">-124.2,40.7,0.0</Node>
    <Node a="0.12107211" type="GR">-124.1,40.7,0.0</Node>
    <Node a="0.11205462" type="GR">-124.0,40.7,0.0</Node>
    <Node a="0.10072055" type="GR">-123.9,40.7,0.0</Node>
    <Node a="0.006538122" type="GR">-123.8,40.7,0.0</Node>
    <Node a="0.0021802688" type="GR">-124.5,40.8,0.0</Node>
    <Node a="0.002346843" type="GR">-124.4,40.8,0.0</Node>
    <Node a="0.002452356" type="GR">-124.3,40.8,0.0</Node>
    <Node a="0.0024888471" type="GR">-124.2,40.8,0.0</Node>
    <Node a="0.0024523395" type="GR">-124.1,40.8,0.0</Node>
    <Node a="0.0023468214" type="GR">-124.0,40.8,0.0</Node>
    <Node a="0.0021802348" type="GR">-123.9,40.8,0.0</Node>
  </Nodes>
</GridSourceSet>
