<?xml version="1.0" encoding="UTF-8" standalone="yes"?>
<GridSourceSet id="-1" name="mojave.in" weight="1.0">
  <!-- This model is an example and for review purposes only -->
  <!-- Original source file: mojave.in -->
  <Settings>
    <DefaultMfds>
      <IncrementalMfd a="0.0" b="0.8" dMag="0.1" mMax="7.55" mMin="6.55" type="GR" weight="1.0"/>
    </DefaultMfds>
    <SourceProperties focalMechMap="[STRIKE_SLIP:1.0,NORMAL:0.0,REVERSE:0.0]" magDepthMap="[6.5::[5.0:1.0]; 10.0::[1.0:1.0]]" maxDepth="14.0" ruptureScaling="NSHM_POINT_WC94_LENGTH" strike="313.0"/>
  </Settings>
  <Nodes>
    <Node a="0.70802724" type="GR">-115.9,33.6,0.0</Node>
    <Node a="0.70720488" type="GR">-116.1,33.7,0.0</Node>
    <Node a="0.70720488" type="GR">-116.0,33.7,0.0</Node>
    <Node a="0.70720488" type="GR">-115.9,33.7,0.0</Node>
    <Node a="0.70720488" type="GR">-115.8,33.7,0.0</Node>
    <Node a="0.70638072" type="GR">-116.2,33.8,0.0</Node>
    <Node a="0.70638072" type="GR">-116.1,33.8,0.0</Node>
    <Node a="0.70638072" type="GR">-116.0,33.8,0.0</Node>
    <Node a="0.70638072" type="GR">-115.9,33.8,0.0</Node>
    <Node a="0.70638072" type="GR">-115.8,33.8,0.0</Node>
    <Node a="0.70555443" type="GR">-116.3,33.9,0.0</Node>
    <Node a="0.70555443" type="GR">-116.2,33.9,0.0</Node>
    <Node a="0.70555443" type="GR">-116.1,33.9,0.0</Node>
    <Node a="0.70555443" type="GR">-116.0,33.9,0.0</Node>
    <Node a="0.70555443" type="GR">-115.9,33.9,0.0</Node>
    <Node a="0.70555443" type="GR">-115.8,33.9,0.0</Node>
    <Node a="0.70472562" type="GR">-116.4,34.0,0.0</Node>
    <Node a="0.70472562" type="GR">-116.3,34.0,0.0</Node>
    <Node a="0.70472562" type="GR">-116.2,34.0,0.0</Node>
    <Node a="0.70472562" type="GR">-116.1,34.0,0.0</Node>
    <Node a="0.70472562" type="GR">-116.0,34.0,0.0</Node>
    <Node a="0.70472562" type="GR">-115.9,34.0,0.0</Node>
    <Node a="0.70472562" type="GR">-115.8,34.0,0.0</Node>
    <Node a="0.70389509" type="GR">-116.5,34.1,0.0</Node>
    <Node a="0.70389509" type="GR">-116.4,34.1,0.0</Node>
    <Node a="0.70389509" type="GR">-116.3,34.1,0.0</Node>
    <Node a="0.70389509" type="GR">-116.2,34.1,0.0</Node>
    <Node a="0.70389509" type="GR">-116.1,34.1,0.0</Node>
    <Node a="0.70389509" type="GR">-116.0,34.1,0.0</Node>
    <Node a="0.70389509" type="GR">-115.9,34.1,0.0</Node>
    <Node a="0.70389509" type="GR">-115.8,34.1,0.0</Node>
    <Node a="0.70306212" type="GR">-116.7,34.2,0.0</Node>
    <Node a="0.70306212" type="GR">-116.6,34.2,0.0</Node>
    <Node a="0.70306212" type="GR">-116.5,34.2,0.0</Node>
    <Node a="0.70306212" type="GR">-116.4,34.2,0.0</Node>
    <Node a="0.70306212" type="GR">-116.3,34.2,0.0</Node>
    <Node a="0.70306212" type="GR">-116.2,34.2,0.0</Node>
    <Node a="0.70306212" type="GR">-116.1,34.2,0.0</Node>
    <Node a="0.70306212" type="GR">-116.0,34.2,0.0</Node>
    <Node a="0.70306212" type="GR">-115.9,34.2,0.0</Node>
    <Node a="0.70306212" type="GR">-115.8,34.2,0.0</Node>
    <Node a="0.70222735" type="GR">-116.8,34.3,0.0</Node>
    <Node a="0.70222735" type="GR">-116.7,34.3,0.0</Node>
    <Node a="0.70222735" type="GR">-116.6,34.3,0.0</Node>
    <Node a="0.70222735" type="GR">-116.5,34.3,0.0</Node>
    <Node a="0.70222735" type="GR">-116.4,34.3,0.0</Node>
    <Node a="0.70222735" type="GR">-116.3,34.3,0.0</Node>
    <Node a="0.70222735" type="GR">-116.2,34.3,0.0</Node>
    <Node a="0.70222735" type="GR">-116.1,34.3,0.0</Node>
    <Node a="0.70222735" type="GR">-116.0,34.3,0.0</Node>
    <Node a="0.70222735" type="GR">-115.9,34.3,0.0</Node>
    <Node a="0.70222735" type="GR">-115.8,34.3,0.0</Node>
    <Node a="0.70139015" type="GR">-116.9,34.4,0.0</Node>
    <Node a="0.70139015" type="GR">-116.8,34.4,0.0</Node>
    <Node a="0.70139015" type="GR">-116.7,34.4,0.0</Node>
    <Node a="0.70139015" type="GR">-116.6,34.4,0.0</Node>
    <Node a="0.70139015" type="GR">-116.5,34.4,0.0</Node>
    <Node a="0.70139015" type="GR">-116.4,34.4,0.0</Node>
    <Node a="0.70139015" type="GR">-116.3,34.4,0.0</Node>
    <Node a="0.70139015" type="GR">-116.2,34.4,0.0</Node>
    <Node a="0.70139015" type="GR">-116.1,34.4,0.0</Node>
    <Node a="0.70139015" type="GR">-116.0,34.4,0.0</Node>
    <Node a="0.70139015" type="GR">-115.9,34.4,0.0</Node>
    <Node a="0.70139015" type="GR">-115.8,34.4,0.0</Node>
    <Node a="0.70055085" type="GR">-117.0,34.5,0.0</Node>
    <Node a="0.70055085" type="GR">-116.9,34.5,0.0</Node>
    <Node a="0.70055085" type="GR">-116.8,34.5,0.0</Node>
    <Node a="0.70055085" type="GR">-116.7,34.5,0.0</Node>
    <Node a="0.70055085" type="GR">-116.6,34.5,0.0</Node>
    <Node a="0.70055085" type="GR">-116.5,34.5,0.0</Node>
    <Node a="0.70055085" type="GR">-116.4,34.5,0.0</Node>
    <Node a="0.70055085" type="GR">-116.3,34.5,0.0</Node>
    <Node a="0.70055085" type="GR">-116.2,34.5,0.0</Node>
    <Node a="0.70055085" type="GR">-116.1,34.5,0.0</Node>
    <Node a="0.70055085" type="GR">-116.0,34.5,0.0</Node>
    <Node a="0.70055085" type="GR">-115.9,34.5,0.0</Node>
    <Node a="0.70055085" type="GR">-115.8,34.5,0.0</Node>
    <Node a="0.69970953" type="GR">-117.1,34.6,0.0</Node>
    <Node a="0.69970953" type="GR">-117.0,34.6,0.0</Node>
    <Node a="0.69970953" type="GR">-116.9,34.6,0.0</Node>
    <Node a="0.69970953" type="GR">-116.8,34.6,0.0</Node>
    <Node a="0.69970953" type="GR">-116.7,34.6,0.0</Node>
    <Node a="0.69970953" type="GR">-116.6,34.6,0.0</Node>
    <Node a="0.69970953" type="GR">-116.5,34.6,0.0</Node>
    <Node a="0.69970953" type="GR">-116.4,34.6,0.0</Node>
    <Node a="0.69970953" type="GR">-116.3,34.6,0.0</Node>
    <Node a="0.69970953" type="GR">-116.2,34.6,0.0</Node>
    <Node a="0.69970953" type="GR">-116.1,34.6,0.0</Node>
    <Node a="0.69970953" type="GR">-116.0,34.6,0.0</Node>
    <Node a="0.69970953" type="GR">-115.9,34.6,0.0</Node>
    <Node a="0.69970953" type="GR">-115.8,34.6,0.0</Node>
    <Node a="0.69886607" type="GR">-117.3,34.7,0.0</Node>
    <Node a="0.69886607" type="GR">-117.2,34.7,0.0</Node>
    <Node a="0.69886607" type="GR">-117.1,34.7,0.0</Node>
    <Node a="0.69886607" type="GR">-117.0,34.7,0.0</Node>
    <Node a="0.69886607" type="GR">-116.9,34.7,0.0</Node>
    <Node a="0.69886607" type="GR">-116.8,34.7,0.0</Node>
    <Node a="0.69886607" type="GR">-116.7,34.7,0.0</Node>
    <Node a="0.69886607" type="GR">-116.6,34.7,0.0</Node>
    <Node a="0.69886607" type="GR">-116.5,34.7,0.0</Node>
    <Node a="0.69886607" type="GR">-116.4,34.7,0.0</Node>
    <Node a="0.69886607" type="GR">-116.3,34.7,0.0</Node>
    <Node a="0.69886607" type="GR">-116.2,34.7,0.0</Node>
    <Node a="0.69886607" type="GR">-116.1,34.7,0.0</Node>
    <Node a="0.69886607" type="GR">-116.0,34.7,0.0</Node>
    <Node a="0.69886607" type="GR">-115.9,34.7,0.0</Node>
    <Node a="0.69886607" type="GR">-115.8,34.7,0.0</Node>
    <Node a="0.69802022" type="GR">-117.4,34.8,0.0</Node>
    <Node a="0.69802022" type="GR">-117.3,34.8,0.0</Node>
    <Node a="0.69802022" type="GR">-117.2,34.8,0.0</Node>
    <Node a="0.69802022" type="GR">-117.1,34.8,0.0</Node>
    <Node a="0.69802022" type="GR">-117.0,34.8,0.0</Node>
    <Node a="0.69802022" type="GR">-116.9,34.8,0.0</Node>
    <Node a="0.69802022" type="GR">-116.8,34.8,0.0</Node>
    <Node a="0.69802022" type="GR">-116.7,34.8,0.0</Node>
    <Node a="0.69802022" type="GR">-116.6,34.8,0.0</Node>
    <Node a="0.69802022" type="GR">-116.5,34.8,0.0</Node>
    <Node a="0.69802022" type="GR">-116.4,34.8,0.0</Node>
    <Node a="0.69802022" type="GR">-116.3,34.8,0.0</Node>
    <Node a="0.69802022" type="GR">-116.2,34.8,0.0</Node>
    <Node a="0.69802022" type="GR">-116.1,34.8,0.0</Node>
    <Node a="0.69802022" type="GR">-116.0,34.8,0.0</Node>
    <Node a="0.69802022" type="GR">-115.9,34.8,0.0</Node>
    <Node a="0.69717234" type="GR">-117.5,34.9,0.0</Node>
    <Node a="0.69717234" type="GR">-117.4,34.9,0.0</Node>
    <Node a="0.69717234" type="GR">-117.3,34.9,0.0</Node>
    <Node a="0.69717234" type="GR">-117.2,34.9,0.0</Node>
    <Node a="0.69717234" type="GR">-117.1,34.9,0.0</Node>
    <Node a="0.69717234" type="GR">-117.0,34.9,0.0</Node>
    <Node a="0.69717234" type="GR">-116.9,34.9,0.0</Node>
    <Node a="0.69717234" type="GR">-116.8,34.9,0.0</Node>
    <Node a="0.69717234" type="GR">-116.7,34.9,0.0</Node>
    <Node a="0.69717234" type="GR">-116.6,34.9,0.0</Node>
    <Node a="0.69717234" type="GR">-116.5,34.9,0.0</Node>
    <Node a="0.69717234" type="GR">-116.4,34.9,0.0</Node>
    <Node a="0.69717234" type="GR">-116.3,34.9,0.0</Node>
    <Node a="0.69717234" type="GR">-116.2,34.9,0.0</Node>
    <Node a="0.69717234" type="GR">-116.1,34.9,0.0</Node>
    <Node a="0.69717234" type="GR">-116.0,34.9,0.0</Node>
    <Node a="0.69717234" type="GR">-115.9,34.9,0.0</Node>
    <Node a="0.69632244" type="GR">-117.6,35.0,0.0</Node>
    <Node a="0.69632244" type="GR">-117.5,35.0,0.0</Node>
    <Node a="0.69632244" type="GR">-117.4,35.0,0.0</Node>
    <Node a="0.69632244" type="GR">-117.3,35.0,0.0</Node>
    <Node a="0.69632244" type="GR">-117.2,35.0,0.0</Node>
    <Node a="0.69632244" type="GR">-117.1,35.0,0.0</Node>
    <Node a="0.69632244" type="GR">-117.0,35.0,0.0</Node>
    <Node a="0.69632244" type="GR">-116.9,35.0,0.0</Node>
    <Node a="0.69632244" type="GR">-116.8,35.0,0.0</Node>
    <Node a="0.69632244" type="GR">-116.7,35.0,0.0</Node>
    <Node a="0.69632244" type="GR">-116.6,35.0,0.0</Node>
    <Node a="0.69632244" type="GR">-116.5,35.0,0.0</Node>
    <Node a="0.69632244" type="GR">-116.4,35.0,0.0</Node>
    <Node a="0.69632244" type="GR">-116.3,35.0,0.0</Node>
    <Node a="0.69632244" type="GR">-116.2,35.0,0.0</Node>
    <Node a="0.69632244" type="GR">-116.1,35.0,0.0</Node>
    <Node a="0.69632244" type="GR">-116.0,35.0,0.0</Node>
    <Node a="0.69547051" type="GR">-117.7,35.1,0.0</Node>
    <Node a="0.69547051" type="GR">-117.6,35.1,0.0</Node>
    <Node a="0.69547051" type="GR">-117.5,35.1,0.0</Node>
    <Node a="0.69547051" type="GR">-117.4,35.1,0.0</Node>
    <Node a="0.69547051" type="GR">-117.3,35.1,0.0</Node>
    <Node a="0.69547051" type="GR">-117.2,35.1,0.0</Node>
    <Node a="0.69547051" type="GR">-117.1,35.1,0.0</Node>
    <Node a="0.69547051" type="GR">-117.0,35.1,0.0</Node>
    <Node a="0.69547051" type="GR">-116.9,35.1,0.0</Node>
    <Node a="0.69547051" type="GR">-116.8,35.1,0.0</Node>
    <Node a="0.69547051" type="GR">-116.7,35.1,0.0</Node>
    <Node a="0.69547051" type="GR">-116.6,35.1,0.0</Node>
    <Node a="0.69547051" type="GR">-116.5,35.1,0.0</Node>
    <Node a="0.69547051" type="GR">-116.4,35.1,0.0</Node>
    <Node a="0.69547051" type="GR">-116.3,35.1,0.0</Node>
    <Node a="0.69547051" type="GR">-116.2,35.1,0.0</Node>
    <Node a="0.69547051" type="GR">-116.1,35.1,0.0</Node>
    <Node a="0.69547051" type="GR">-116.0,35.1,0.0</Node>
    <Node a="0.6946162" type="GR">-117.9,35.2,0.0</Node>
    <Node a="0.6946162" type="GR">-117.8,35.2,0.0</Node>
    <Node a="0.6946162" type="GR">-117.7,35.2,0.0</Node>
    <Node a="0.6946162" type="GR">-117.6,35.2,0.0</Node>
    <Node a="0.6946162" type="GR">-117.5,35.2,0.0</Node>
    <Node a="0.6946162" type="GR">-117.4,35.2,0.0</Node>
    <Node a="0.6946162" type="GR">-117.3,35.2,0.0</Node>
    <Node a="0.6946162" type="GR">-117.2,35.2,0.0</Node>
    <Node a="0.6946162" type="GR">-117.1,35.2,0.0</Node>
    <Node a="0.6946162" type="GR">-117.0,35.2,0.0</Node>
    <Node a="0.6946162" type="GR">-116.9,35.2,0.0</Node>
    <Node a="0.6946162" type="GR">-116.8,35.2,0.0</Node>
    <Node a="0.6946162" type="GR">-116.7,35.2,0.0</Node>
    <Node a="0.6946162" type="GR">-116.6,35.2,0.0</Node>
    <Node a="0.6946162" type="GR">-116.5,35.2,0.0</Node>
    <Node a="0.6946162" type="GR">-116.4,35.2,0.0</Node>
    <Node a="0.6946162" type="GR">-116.3,35.2,0.0</Node>
    <Node a="0.6946162" type="GR">-116.2,35.2,0.0</Node>
    <Node a="0.6946162" type="GR">-116.1,35.2,0.0</Node>
    <Node a="0.69376028" type="GR">-117.7,35.3,0.0</Node>
    <Node a="0.69376028" type="GR">-117.6,35.3,0.0</Node>
    <Node a="0.69376028" type="GR">-117.5,35.3,0.0</Node>
    <Node a="0.69376028" type="GR">-117.4,35.3,0.0</Node>
    <Node a="0.69376028" type="GR">-117.3,35.3,0.0</Node>
    <Node a="0.69376028" type="GR">-117.2,35.3,0.0</Node>
    <Node a="0.69376028" type="GR">-117.1,35.3,0.0</Node>
    <Node a="0.69376028" type="GR">-117.0,35.3,0.0</Node>
    <Node a="0.69376028" type="GR">-116.9,35.3,0.0</Node>
    <Node a="0.69376028" type="GR">-116.8,35.3,0.0</Node>
    <Node a="0.69376028" type="GR">-116.7,35.3,0.0</Node>
    <Node a="0.69376028" type="GR">-116.6,35.3,0.0</Node>
    <Node a="0.69376028" type="GR">-116.5,35.3,0.0</Node>
    <Node a="0.69376028" type="GR">-116.4,35.3,0.0</Node>
    <Node a="0.69376028" type="GR">-116.3,35.3,0.0</Node>
    <Node a="0.69376028" type="GR">-116.2,35.3,0.0</Node>
    <Node a="0.69290155" type="GR">-117.5,35.4,0.0</Node>
    <Node a="0.69290155" type="GR">-117.4,35.4,0.0</Node>
    <Node a="0.69290155" type="GR">-117.3,35.4,0.0</Node>
    <Node a="0.69290155" type="GR">-117.2,35.4,0.0</Node>
    <Node a="0.69290155" type="GR">-117.1,35.4,0.0</Node>
    <Node a="0.69290155" type="GR">-117.0,35.4,0.0</Node>
    <Node a="0.69290155" type="GR">-116.9,35.4,0.0</Node>
    <Node a="0.69290155" type="GR">-116.8,35.4,0.0</Node>
    <Node a="0.69290155" type="GR">-116.7,35.4,0.0</Node>
    <Node a="0.69290155" type="GR">-116.6,35.4,0.0</Node>
    <Node a="0.69290155" type="GR">-116.5,35.4,0.0</Node>
    <Node a="0.69290155" type="GR">-116.4,35.4,0.0</Node>
    <Node a="0.69290155" type="GR">-116.3,35.4,0.0</Node>
    <Node a="0.69290155" type="GR">-116.2,35.4,0.0</Node>
    <Node a="0.69204128" type="GR">-117.2,35.5,0.0</Node>
    <Node a="0.69204128" type="GR">-117.1,35.5,0.0</Node>
    <Node a="0.69204128" type="GR">-117.0,35.5,0.0</Node>
    <Node a="0.69204128" type="GR">-116.9,35.5,0.0</Node>
    <Node a="0.69204128" type="GR">-116.8,35.5,0.0</Node>
    <Node a="0.69204128" type="GR">-116.7,35.5,0.0</Node>
    <Node a="0.69204128" type="GR">-116.6,35.5,0.0</Node>
    <Node a="0.69204128" type="GR">-116.5,35.5,0.0</Node>
    <Node a="0.69204128" type="GR">-116.4,35.5,0.0</Node>
    <Node a="0.69204128" type="GR">-116.3,35.5,0.0</Node>
  </Nodes>
</GridSourceSet>
