<?xml version="1.0" encoding="UTF-8" standalone="yes"?>
<GridSourceSet id="-1" name="shear4.in" weight="1.0">
  <!-- This model is an example and for review purposes only -->
  <!-- Original source file: shear4.in -->
  <Settings>
    <DefaultMfds>
      <IncrementalMfd a="0.0" b="0.8" dMag="0.1" mMax="7.55" mMin="6.55" type="GR" weight="1.0"/>
    </DefaultMfds>
    <SourceProperties focalMechMap="[STRIKE_SLIP:1.0,NORMAL:0.0,REVERSE:0.0]" magDepthMap="[6.5::[5.0:1.0]; 10.0::[1.0:1.0]]" maxDepth="14.0" ruptureScaling="NSHM_POINT_WC94_LENGTH" strike="315.0"/>
  </Settings>
  <Nodes>
    <Node a="1.3932564" type="GR">-118.8,37.6,0.0</Node>
    <Node a="1.3913815" type="GR">-118.9,37.7,0.0</Node>
    <Node a="1.3913815" type="GR">-118.8,37.7,0.0</Node>
    <Node a="1.3913815" type="GR">-118.7,37.7,0.0</Node>
    <Node a="1.3895022" type="GR">-119.0,37.8,0.0</Node>
    <Node a="1.3895022" type="GR">-118.9,37.8,0.0</Node>
    <Node a="1.3895022" type="GR">-118.8,37.8,0.0</Node>
    <Node a="1.3895022" type="GR">-118.7,37.8,0.0</Node>
    <Node a="1.3895022" type="GR">-118.6,37.8,0.0</Node>
    <Node a="1.3895022" type="GR">-118.5,37.8,0.0</Node>
    <Node a="1.3876193" type="GR">-119.1,37.9,0.0</Node>
    <Node a="1.3876193" type="GR">-119.0,37.9,0.0</Node>
    <Node a="1.3876193" type="GR">-118.9,37.9,0.0</Node>
    <Node a="1.3876193" type="GR">-118.8,37.9,0.0</Node>
    <Node a="1.3876193" type="GR">-118.7,37.9,0.0</Node>
    <Node a="1.3876193" type="GR">-118.6,37.9,0.0</Node>
    <Node a="1.3876193" type="GR">-118.5,37.9,0.0</Node>
    <Node a="1.3876193" type="GR">-118.4,37.9,0.0</Node>
    <Node a="1.3876193" type="GR">-118.3,37.9,0.0</Node>
    <Node a="1.3857313" type="GR">-119.2,38.0,0.0</Node>
    <Node a="1.3857313" type="GR">-119.1,38.0,0.0</Node>
    <Node a="1.3857313" type="GR">-119.0,38.0,0.0</Node>
    <Node a="1.3857313" type="GR">-118.9,38.0,0.0</Node>
    <Node a="1.3857313" type="GR">-118.8,38.0,0.0</Node>
    <Node a="1.3857313" type="GR">-118.7,38.0,0.0</Node>
    <Node a="1.3857313" type="GR">-118.6,38.0,0.0</Node>
    <Node a="1.3857313" type="GR">-118.5,38.0,0.0</Node>
    <Node a="1.3857313" type="GR">-118.4,38.0,0.0</Node>
    <Node a="1.3857313" type="GR">-118.3,38.0,0.0</Node>
    <Node a="1.3857313" type="GR">-118.2,38.0,0.0</Node>
    <Node a="1.38384" type="GR">-119.3,38.1,0.0</Node>
    <Node a="1.38384" type="GR">-119.2,38.1,0.0</Node>
    <Node a="1.38384" type="GR">-119.1,38.1,0.0</Node>
    <Node a="1.38384" type="GR">-119.0,38.1,0.0</Node>
    <Node a="1.38384" type="GR">-118.9,38.1,0.0</Node>
    <Node a="1.38384" type="GR">-118.8,38.1,0.0</Node>
    <Node a="1.38384" type="GR">-118.7,38.1,0.0</Node>
    <Node a="1.38384" type="GR">-118.6,38.1,0.0</Node>
    <Node a="1.38384" type="GR">-118.5,38.1,0.0</Node>
    <Node a="1.38384" type="GR">-118.4,38.1,0.0</Node>
    <Node a="1.38384" type="GR">-118.3,38.1,0.0</Node>
    <Node a="1.38384" type="GR">-118.2,38.1,0.0</Node>
    <Node a="1.3819435" type="GR">-119.4,38.2,0.0</Node>
    <Node a="1.3819435" type="GR">-119.3,38.2,0.0</Node>
    <Node a="1.3819435" type="GR">-119.2,38.2,0.0</Node>
    <Node a="1.3819435" type="GR">-119.1,38.2,0.0</Node>
    <Node a="1.3819435" type="GR">-119.0,38.2,0.0</Node>
    <Node a="1.3819435" type="GR">-118.9,38.2,0.0</Node>
    <Node a="1.3819435" type="GR">-118.8,38.2,0.0</Node>
    <Node a="1.3819435" type="GR">-118.7,38.2,0.0</Node>
    <Node a="1.3819435" type="GR">-118.6,38.2,0.0</Node>
    <Node a="1.3819435" type="GR">-118.5,38.2,0.0</Node>
    <Node a="1.3819435" type="GR">-118.4,38.2,0.0</Node>
    <Node a="1.3819435" type="GR">-118.3,38.2,0.0</Node>
    <Node a="1.3800436" type="GR">-119.5,38.3,0.0</Node>
    <Node a="1.3800436" type="GR">-119.4,38.3,0.0</Node>
    <Node a="1.3800436" type="GR">-119.3,38.3,0.0</Node>
    <Node a="1.3800436" type="GR">-119.2,38.3,0.0</Node>
    <Node a="1.3800436" type="GR">-119.1,38.3,0.0</Node>
    <Node a="1.3800436" type="GR">-119.0,38.3,0.0</Node>
    <Node a="1.3800436" type="GR">-118.9,38.3,0.0</Node>
    <Node a="1.3800436" type="GR">-118.8,38.3,0.0</Node>
    <Node a="1.3800436" type="GR">-118.7,38.3,0.0</Node>
    <Node a="1.3800436" type="GR">-118.6,38.3,0.0</Node>
    <Node a="1.3800436" type="GR">-118.5,38.3,0.0</Node>
    <Node a="1.3800436" type="GR">-118.4,38.3,0.0</Node>
    <Node a="1.3781395" type="GR">-119.6,38.4,0.0</Node>
    <Node a="1.3781395" type="GR">-119.5,38.4,0.0</Node>
    <Node a="1.3781395" type="GR">-119.4,38.4,0.0</Node>
    <Node a="1.3781395" type="GR">-119.3,38.4,0.0</Node>
    <Node a="1.3781395" type="GR">-119.2,38.4,0.0</Node>
    <Node a="1.3781395" type="GR">-119.1,38.4,0.0</Node>
    <Node a="1.3781395" type="GR">-119.0,38.4,0.0</Node>
    <Node a="1.3781395" type="GR">-118.9,38.4,0.0</Node>
    <Node a="1.3781395" type="GR">-118.8,38.4,0.0</Node>
    <Node a="1.3781395" type="GR">-118.7,38.4,0.0</Node>
    <Node a="1.3781395" type="GR">-118.6,38.4,0.0</Node>
    <Node a="1.3781395" type="GR">-118.5,38.4,0.0</Node>
    <Node a="1.3762313" type="GR">-119.7,38.5,0.0</Node>
    <Node a="1.3762313" type="GR">-119.6,38.5,0.0</Node>
    <Node a="1.3762313" type="GR">-119.5,38.5,0.0</Node>
    <Node a="1.3762313" type="GR">-119.4,38.5,0.0</Node>
    <Node a="1.3762313" type="GR">-119.3,38.5,0.0</Node>
    <Node a="1.3762313" type="GR">-119.2,38.5,0.0</Node>
    <Node a="1.3762313" type="GR">-119.1,38.5,0.0</Node>
    <Node a="1.3762313" type="GR">-119.0,38.5,0.0</Node>
    <Node a="1.3762313" type="GR">-118.9,38.5,0.0</Node>
    <Node a="1.3762313" type="GR">-118.8,38.5,0.0</Node>
    <Node a="1.3762313" type="GR">-118.7,38.5,0.0</Node>
    <Node a="1.3762313" type="GR">-118.6,38.5,0.0</Node>
    <Node a="1.3762313" type="GR">-118.5,38.5,0.0</Node>
    <Node a="1.3743181" type="GR">-119.8,38.6,0.0</Node>
    <Node a="1.3743181" type="GR">-119.7,38.6,0.0</Node>
    <Node a="1.3743181" type="GR">-119.6,38.6,0.0</Node>
    <Node a="1.3743181" type="GR">-119.5,38.6,0.0</Node>
    <Node a="1.3743181" type="GR">-119.4,38.6,0.0</Node>
    <Node a="1.3743181" type="GR">-119.3,38.6,0.0</Node>
    <Node a="1.3743181" type="GR">-119.2,38.6,0.0</Node>
    <Node a="1.3743181" type="GR">-119.1,38.6,0.0</Node>
    <Node a="1.3743181" type="GR">-119.0,38.6,0.0</Node>
    <Node a="1.3743181" type="GR">-118.9,38.6,0.0</Node>
    <Node a="1.3743181" type="GR">-118.8,38.6,0.0</Node>
    <Node a="1.3743181" type="GR">-118.7,38.6,0.0</Node>
    <Node a="1.3743181" type="GR">-118.6,38.6,0.0</Node>
    <Node a="1.3724016" type="GR">-119.9,38.7,0.0</Node>
    <Node a="1.3724016" type="GR">-119.8,38.7,0.0</Node>
    <Node a="1.3724016" type="GR">-119.7,38.7,0.0</Node>
    <Node a="1.3724016" type="GR">-119.6,38.7,0.0</Node>
    <Node a="1.3724016" type="GR">-119.5,38.7,0.0</Node>
    <Node a="1.3724016" type="GR">-119.4,38.7,0.0</Node>
    <Node a="1.3724016" type="GR">-119.3,38.7,0.0</Node>
    <Node a="1.3724016" type="GR">-119.2,38.7,0.0</Node>
    <Node a="1.3724016" type="GR">-119.1,38.7,0.0</Node>
    <Node a="1.3724016" type="GR">-119.0,38.7,0.0</Node>
    <Node a="1.3724016" type="GR">-118.9,38.7,0.0</Node>
    <Node a="1.3724016" type="GR">-118.8,38.7,0.0</Node>
    <Node a="1.3724016" type="GR">-118.7,38.7,0.0</Node>
    <Node a="1.3704802" type="GR">-120.0,38.8,0.0</Node>
    <Node a="1.3704802" type="GR">-119.9,38.8,0.0</Node>
    <Node a="1.3704802" type="GR">-119.8,38.8,0.0</Node>
    <Node a="1.3704802" type="GR">-119.7,38.8,0.0</Node>
    <Node a="1.3704802" type="GR">-119.6,38.8,0.0</Node>
    <Node a="1.3704802" type="GR">-119.5,38.8,0.0</Node>
    <Node a="1.3704802" type="GR">-119.4,38.8,0.0</Node>
    <Node a="1.3704802" type="GR">-119.3,38.8,0.0</Node>
    <Node a="1.3704802" type="GR">-119.2,38.8,0.0</Node>
    <Node a="1.3704802" type="GR">-119.1,38.8,0.0</Node>
    <Node a="1.3704802" type="GR">-119.0,38.8,0.0</Node>
    <Node a="1.3704802" type="GR">-118.9,38.8,0.0</Node>
    <Node a="1.3704802" type="GR">-118.8,38.8,0.0</Node>
    <Node a="1.3685547" type="GR">-120.1,38.9,0.0</Node>
    <Node a="1.3685547" type="GR">-120.0,38.9,0.0</Node>
    <Node a="1.3685547" type="GR">-119.9,38.9,0.0</Node>
    <Node a="1.3685547" type="GR">-119.8,38.9,0.0</Node>
    <Node a="1.3685547" type="GR">-119.7,38.9,0.0</Node>
    <Node a="1.3685547" type="GR">-119.6,38.9,0.0</Node>
    <Node a="1.3685547" type="GR">-119.5,38.9,0.0</Node>
    <Node a="1.3685547" type="GR">-119.4,38.9,0.0</Node>
    <Node a="1.3685547" type="GR">-119.3,38.9,0.0</Node>
    <Node a="1.3685547" type="GR">-119.2,38.9,0.0</Node>
    <Node a="1.3685547" type="GR">-119.1,38.9,0.0</Node>
    <Node a="1.3685547" type="GR">-119.0,38.9,0.0</Node>
    <Node a="1.3685547" type="GR">-118.9,38.9,0.0</Node>
    <Node a="1.3685547" type="GR">-118.8,38.9,0.0</Node>
    <Node a="1.3666253" type="GR">-120.2,39.0,0.0</Node>
    <Node a="1.3666253" type="GR">-120.1,39.0,0.0</Node>
    <Node a="1.3666253" type="GR">-120.0,39.0,0.0</Node>
    <Node a="1.3666253" type="GR">-119.9,39.0,0.0</Node>
    <Node a="1.3666253" type="GR">-119.8,39.0,0.0</Node>
    <Node a="1.3666253" type="GR">-119.7,39.0,0.0</Node>
    <Node a="1.3666253" type="GR">-119.6,39.0,0.0</Node>
    <Node a="1.3666253" type="GR">-119.5,39.0,0.0</Node>
    <Node a="1.3666253" type="GR">-119.4,39.0,0.0</Node>
    <Node a="1.3666253" type="GR">-119.3,39.0,0.0</Node>
    <Node a="1.3666253" type="GR">-119.2,39.0,0.0</Node>
    <Node a="1.3666253" type="GR">-119.1,39.0,0.0</Node>
    <Node a="1.3666253" type="GR">-119.0,39.0,0.0</Node>
    <Node a="1.3666253" type="GR">-118.9,39.0,0.0</Node>
    <Node a="1.3646917" type="GR">-120.3,39.1,0.0</Node>
    <Node a="1.3646917" type="GR">-120.2,39.1,0.0</Node>
    <Node a="1.3646917" type="GR">-120.1,39.1,0.0</Node>
    <Node a="1.3646917" type="GR">-120.0,39.1,0.0</Node>
    <Node a="1.3646917" type="GR">-119.9,39.1,0.0</Node>
    <Node a="1.3646917" type="GR">-119.8,39.1,0.0</Node>
    <Node a="1.3646917" type="GR">-119.7,39.1,0.0</Node>
    <Node a="1.3646917" type="GR">-119.6,39.1,0.0</Node>
    <Node a="1.3646917" type="GR">-119.5,39.1,0.0</Node>
    <Node a="1.3646917" type="GR">-119.4,39.1,0.0</Node>
    <Node a="1.3646917" type="GR">-119.3,39.1,0.0</Node>
    <Node a="1.3646917" type="GR">-119.2,39.1,0.0</Node>
    <Node a="1.3646917" type="GR">-119.1,39.1,0.0</Node>
    <Node a="1.3646917" type="GR">-119.0,39.1,0.0</Node>
    <Node a="1.3627542" type="GR">-120.4,39.2,0.0</Node>
    <Node a="1.3627542" type="GR">-120.3,39.2,0.0</Node>
    <Node a="1.3627542" type="GR">-120.2,39.2,0.0</Node>
    <Node a="1.3627542" type="GR">-120.1,39.2,0.0</Node>
    <Node a="1.3627542" type="GR">-120.0,39.2,0.0</Node>
    <Node a="1.3627542" type="GR">-119.9,39.2,0.0</Node>
    <Node a="1.3627542" type="GR">-119.8,39.2,0.0</Node>
    <Node a="1.3627542" type="GR">-119.7,39.2,0.0</Node>
    <Node a="1.3627542" type="GR">-119.6,39.2,0.0</Node>
    <Node a="1.3627542" type="GR">-119.5,39.2,0.0</Node>
    <Node a="1.3627542" type="GR">-119.4,39.2,0.0</Node>
    <Node a="1.3627542" type="GR">-119.3,39.2,0.0</Node>
    <Node a="1.3627542" type="GR">-119.2,39.2,0.0</Node>
    <Node a="1.3627542" type="GR">-119.1,39.2,0.0</Node>
    <Node a="1.3627542" type="GR">-119.0,39.2,0.0</Node>
    <Node a="1.3608119" type="GR">-120.5,39.3,0.0</Node>
    <Node a="1.3608119" type="GR">-120.4,39.3,0.0</Node>
    <Node a="1.3608119" type="GR">-120.3,39.3,0.0</Node>
    <Node a="1.3608119" type="GR">-120.2,39.3,0.0</Node>
    <Node a="1.3608119" type="GR">-120.1,39.3,0.0</Node>
    <Node a="1.3608119" type="GR">-120.0,39.3,0.0</Node>
    <Node a="1.3608119" type="GR">-119.9,39.3,0.0</Node>
    <Node a="1.3608119" type="GR">-119.8,39.3,0.0</Node>
    <Node a="1.3608119" type="GR">-119.7,39.3,0.0</Node>
    <Node a="1.3608119" type="GR">-119.6,39.3,0.0</Node>
    <Node a="1.3608119" type="GR">-119.5,39.3,0.0</Node>
    <Node a="1.3608119" type="GR">-119.4,39.3,0.0</Node>
    <Node a="1.3608119" type="GR">-119.3,39.3,0.0</Node>
    <Node a="1.3608119" type="GR">-119.2,39.3,0.0</Node>
    <Node a="1.3608119" type="GR">-119.1,39.3,0.0</Node>
    <Node a="1.3588666" type="GR">-120.6,39.4,0.0</Node>
    <Node a="1.3588666" type="GR">-120.5,39.4,0.0</Node>
    <Node a="1.3588666" type="GR">-120.4,39.4,0.0</Node>
    <Node a="1.3588666" type="GR">-120.3,39.4,0.0</Node>
    <Node a="1.3588666" type="GR">-120.2,39.4,0.0</Node>
    <Node a="1.3588666" type="GR">-120.1,39.4,0.0</Node>
    <Node a="1.3588666" type="GR">-120.0,39.4,0.0</Node>
    <Node a="1.3588666" type="GR">-119.9,39.4,0.0</Node>
    <Node a="1.3588666" type="GR">-119.8,39.4,0.0</Node>
    <Node a="1.3588666" type="GR">-119.7,39.4,0.0</Node>
    <Node a="1.3588666" type="GR">-119.6,39.4,0.0</Node>
    <Node a="1.3588666" type="GR">-119.5,39.4,0.0</Node>
    <Node a="1.3588666" type="GR">-119.4,39.4,0.0</Node>
    <Node a="1.3588666" type="GR">-119.3,39.4,0.0</Node>
    <Node a="1.3588666" type="GR">-119.2,39.4,0.0</Node>
    <Node a="1.3569164" type="GR">-120.5,39.5,0.0</Node>
    <Node a="1.3569164" type="GR">-120.4,39.5,0.0</Node>
    <Node a="1.3569164" type="GR">-120.3,39.5,0.0</Node>
    <Node a="1.3569164" type="GR">-120.2,39.5,0.0</Node>
    <Node a="1.3569164" type="GR">-120.1,39.5,0.0</Node>
    <Node a="1.3569164" type="GR">-120.0,39.5,0.0</Node>
    <Node a="1.3569164" type="GR">-119.9,39.5,0.0</Node>
    <Node a="1.3569164" type="GR">-119.8,39.5,0.0</Node>
    <Node a="1.3569164" type="GR">-119.7,39.5,0.0</Node>
    <Node a="1.3569164" type="GR">-119.6,39.5,0.0</Node>
    <Node a="1.3569164" type="GR">-119.5,39.5,0.0</Node>
    <Node a="1.3569164" type="GR">-119.4,39.5,0.0</Node>
    <Node a="1.3569164" type="GR">-119.3,39.5,0.0</Node>
    <Node a="1.3549616" type="GR">-120.4,39.6,0.0</Node>
    <Node a="1.3549616" type="GR">-120.3,39.6,0.0</Node>
    <Node a="1.3549616" type="GR">-120.2,39.6,0.0</Node>
    <Node a="1.3549616" type="GR">-120.1,39.6,0.0</Node>
    <Node a="1.3549616" type="GR">-120.0,39.6,0.0</Node>
    <Node a="1.3549616" type="GR">-119.9,39.6,0.0</Node>
    <Node a="1.3549616" type="GR">-119.8,39.6,0.0</Node>
    <Node a="1.3549616" type="GR">-119.7,39.6,0.0</Node>
    <Node a="1.3549616" type="GR">-119.6,39.6,0.0</Node>
    <Node a="1.3549616" type="GR">-119.5,39.6,0.0</Node>
    <Node a="1.3549616" type="GR">-119.4,39.6,0.0</Node>
    <Node a="1.3549616" type="GR">-119.3,39.6,0.0</Node>
    <Node a="1.353003" type="GR">-120.2,39.7,0.0</Node>
    <Node a="1.353003" type="GR">-120.1,39.7,0.0</Node>
    <Node a="1.353003" type="GR">-120.0,39.7,0.0</Node>
    <Node a="1.353003" type="GR">-119.9,39.7,0.0</Node>
    <Node a="1.353003" type="GR">-119.8,39.7,0.0</Node>
    <Node a="1.353003" type="GR">-119.7,39.7,0.0</Node>
    <Node a="1.353003" type="GR">-119.6,39.7,0.0</Node>
    <Node a="1.353003" type="GR">-119.5,39.7,0.0</Node>
    <Node a="1.353003" type="GR">-119.4,39.7,0.0</Node>
    <Node a="1.3510406" type="GR">-120.1,39.8,0.0</Node>
    <Node a="1.3510406" type="GR">-120.0,39.8,0.0</Node>
    <Node a="1.3510406" type="GR">-119.9,39.8,0.0</Node>
    <Node a="1.3510406" type="GR">-119.8,39.8,0.0</Node>
    <Node a="1.3510406" type="GR">-119.7,39.8,0.0</Node>
    <Node a="1.3510406" type="GR">-119.6,39.8,0.0</Node>
    <Node a="1.3510406" type="GR">-119.5,39.8,0.0</Node>
    <Node a="1.3490744" type="GR">-120.0,39.9,0.0</Node>
    <Node a="1.3490744" type="GR">-119.9,39.9,0.0</Node>
    <Node a="1.3490744" type="GR">-119.8,39.9,0.0</Node>
    <Node a="1.3490744" type="GR">-119.7,39.9,0.0</Node>
    <Node a="1.3490744" type="GR">-119.6,39.9,0.0</Node>
    <Node a="1.3471035" type="GR">-119.8,40.0,0.0</Node>
    <Node a="1.3471035" type="GR">-119.7,40.0,0.0</Node>
    <Node a="1.3471035" type="GR">-119.6,40.0,0.0</Node>
    <Node a="1.3451282" type="GR">-119.7,40.1,0.0</Node>
  </Nodes>
</GridSourceSet>
