<?xml version="1.0" encoding="UTF-8" standalone="yes"?>
<GridSourceSet id="-1" name="shear3.in" weight="1.0">
  <!-- This model is an example and for review purposes only -->
  <!-- Original source file: shear3.in -->
  <Settings>
    <DefaultMfds>
      <IncrementalMfd a="0.0" b="0.8" dMag="0.1" mMax="7.55" mMin="6.55" type="GR" weight="1.0"/>
    </DefaultMfds>
    <SourceProperties focalMechMap="[STRIKE_SLIP:1.0,NORMAL:0.0,REVERSE:0.0]" magDepthMap="[6.5::[5.0:1.0]; 10.0::[1.0:1.0]]" maxDepth="14.0" ruptureScaling="NSHM_POINT_WC94_LENGTH" strike="315.0"/>
  </Settings>
  <Nodes>
    <Node a="0.71949184" type="GR">-120.7,39.5,0.0</Node>
    <Node a="0.71949184" type="GR">-120.6,39.5,0.0</Node>
    <Node a="0.71845555" type="GR">-120.8,39.6,0.0</Node>
    <Node a="0.71845555" type="GR">-120.7,39.6,0.0</Node>
    <Node a="0.71845555" type="GR">-120.6,39.6,0.0</Node>
    <Node a="0.71845555" type="GR">-120.5,39.6,0.0</Node>
    <Node a="0.71741718" type="GR">-120.9,39.7,0.0</Node>
    <Node a="0.71741718" type="GR">-120.8,39.7,0.0</Node>
    <Node a="0.71741718" type="GR">-120.7,39.7,0.0</Node>
    <Node a="0.71741718" type="GR">-120.6,39.7,0.0</Node>
    <Node a="0.71741718" type="GR">-120.5,39.7,0.0</Node>
    <Node a="0.71741718" type="GR">-120.4,39.7,0.0</Node>
    <Node a="0.71741718" type="GR">-120.3,39.7,0.0</Node>
    <Node a="0.7163766" type="GR">-121.0,39.8,0.0</Node>
    <Node a="0.7163766" type="GR">-120.9,39.8,0.0</Node>
    <Node a="0.7163766" type="GR">-120.8,39.8,0.0</Node>
    <Node a="0.7163766" type="GR">-120.7,39.8,0.0</Node>
    <Node a="0.7163766" type="GR">-120.6,39.8,0.0</Node>
    <Node a="0.7163766" type="GR">-120.5,39.8,0.0</Node>
    <Node a="0.7163766" type="GR">-120.4,39.8,0.0</Node>
    <Node a="0.7163766" type="GR">-120.3,39.8,0.0</Node>
    <Node a="0.7163766" type="GR">-120.2,39.8,0.0</Node>
    <Node a="0.71533382" type="GR">-121.2,39.9,0.0</Node>
    <Node a="0.71533382" type="GR">-121.1,39.9,0.0</Node>
    <Node a="0.71533382" type="GR">-121.0,39.9,0.0</Node>
    <Node a="0.71533382" type="GR">-120.9,39.9,0.0</Node>
    <Node a="0.71533382" type="GR">-120.8,39.9,0.0</Node>
    <Node a="0.71533382" type="GR">-120.7,39.9,0.0</Node>
    <Node a="0.71533382" type="GR">-120.6,39.9,0.0</Node>
    <Node a="0.71533382" type="GR">-120.5,39.9,0.0</Node>
    <Node a="0.71533382" type="GR">-120.4,39.9,0.0</Node>
    <Node a="0.71533382" type="GR">-120.3,39.9,0.0</Node>
    <Node a="0.71533382" type="GR">-120.2,39.9,0.0</Node>
    <Node a="0.71533382" type="GR">-120.1,39.9,0.0</Node>
    <Node a="0.71428859" type="GR">-121.1,40.0,0.0</Node>
    <Node a="0.71428859" type="GR">-121.0,40.0,0.0</Node>
    <Node a="0.71428859" type="GR">-120.9,40.0,0.0</Node>
    <Node a="0.71428859" type="GR">-120.8,40.0,0.0</Node>
    <Node a="0.71428859" type="GR">-120.7,40.0,0.0</Node>
    <Node a="0.71428859" type="GR">-120.6,40.0,0.0</Node>
    <Node a="0.71428859" type="GR">-120.5,40.0,0.0</Node>
    <Node a="0.71428859" type="GR">-120.4,40.0,0.0</Node>
    <Node a="0.71428859" type="GR">-120.3,40.0,0.0</Node>
    <Node a="0.71428859" type="GR">-120.2,40.0,0.0</Node>
    <Node a="0.71428859" type="GR">-120.1,40.0,0.0</Node>
    <Node a="0.71428859" type="GR">-120.0,40.0,0.0</Node>
    <Node a="0.71428859" type="GR">-119.9,40.0,0.0</Node>
    <Node a="0.71324164" type="GR">-120.9,40.1,0.0</Node>
    <Node a="0.71324164" type="GR">-120.8,40.1,0.0</Node>
    <Node a="0.71324164" type="GR">-120.7,40.1,0.0</Node>
    <Node a="0.71324164" type="GR">-120.6,40.1,0.0</Node>
    <Node a="0.71324164" type="GR">-120.5,40.1,0.0</Node>
    <Node a="0.71324164" type="GR">-120.4,40.1,0.0</Node>
    <Node a="0.71324164" type="GR">-120.3,40.1,0.0</Node>
    <Node a="0.71324164" type="GR">-120.2,40.1,0.0</Node>
    <Node a="0.71324164" type="GR">-120.1,40.1,0.0</Node>
    <Node a="0.71324164" type="GR">-120.0,40.1,0.0</Node>
    <Node a="0.71324164" type="GR">-119.9,40.1,0.0</Node>
    <Node a="0.71324164" type="GR">-119.8,40.1,0.0</Node>
    <Node a="0.71219224" type="GR">-120.8,40.2,0.0</Node>
    <Node a="0.71219224" type="GR">-120.7,40.2,0.0</Node>
    <Node a="0.71219224" type="GR">-120.6,40.2,0.0</Node>
    <Node a="0.71219224" type="GR">-120.5,40.2,0.0</Node>
    <Node a="0.71219224" type="GR">-120.4,40.2,0.0</Node>
    <Node a="0.71219224" type="GR">-120.3,40.2,0.0</Node>
    <Node a="0.71219224" type="GR">-120.2,40.2,0.0</Node>
    <Node a="0.71219224" type="GR">-120.1,40.2,0.0</Node>
    <Node a="0.71219224" type="GR">-120.0,40.2,0.0</Node>
    <Node a="0.71219224" type="GR">-119.9,40.2,0.0</Node>
    <Node a="0.71219224" type="GR">-119.8,40.2,0.0</Node>
    <Node a="0.71114069" type="GR">-120.6,40.3,0.0</Node>
    <Node a="0.71114069" type="GR">-120.5,40.3,0.0</Node>
    <Node a="0.71114069" type="GR">-120.4,40.3,0.0</Node>
    <Node a="0.71114069" type="GR">-120.3,40.3,0.0</Node>
    <Node a="0.71114069" type="GR">-120.2,40.3,0.0</Node>
    <Node a="0.71114069" type="GR">-120.1,40.3,0.0</Node>
    <Node a="0.71114069" type="GR">-120.0,40.3,0.0</Node>
    <Node a="0.71114069" type="GR">-119.9,40.3,0.0</Node>
    <Node a="0.710087" type="GR">-120.5,40.4,0.0</Node>
    <Node a="0.710087" type="GR">-120.4,40.4,0.0</Node>
    <Node a="0.710087" type="GR">-120.3,40.4,0.0</Node>
    <Node a="0.710087" type="GR">-120.2,40.4,0.0</Node>
    <Node a="0.710087" type="GR">-120.1,40.4,0.0</Node>
    <Node a="0.710087" type="GR">-120.0,40.4,0.0</Node>
    <Node a="0.710087" type="GR">-119.9,40.4,0.0</Node>
    <Node a="0.70903116" type="GR">-120.4,40.5,0.0</Node>
    <Node a="0.70903116" type="GR">-120.3,40.5,0.0</Node>
    <Node a="0.70903116" type="GR">-120.2,40.5,0.0</Node>
    <Node a="0.70903116" type="GR">-120.1,40.5,0.0</Node>
    <Node a="0.70903116" type="GR">-120.0,40.5,0.0</Node>
    <Node a="0.70797324" type="GR">-120.2,40.6,0.0</Node>
    <Node a="0.70797324" type="GR">-120.1,40.6,0.0</Node>
  </Nodes>
</GridSourceSet>
