<?xml version="1.0" encoding="UTF-8" standalone="yes"?>
<GridSourceSet id="-1" name="shear1.in" weight="1.0">
  <!-- This model is an example and for review purposes only -->
  <!-- Original source file: shear1.in -->
  <Settings>
    <DefaultMfds>
      <IncrementalMfd a="0.0" b="0.8" dMag="0.1" mMax="7.55" mMin="6.55" type="GR" weight="1.0"/>
    </DefaultMfds>
    <SourceProperties focalMechMap="[STRIKE_SLIP:1.0,NORMAL:0.0,REVERSE:0.0]" magDepthMap="[6.5::[5.0:1.0]; 10.0::[1.0:1.0]]" maxDepth="14.0" ruptureScaling="NSHM_POINT_WC94_LENGTH" strike="325.0"/>
  </Settings>
  <Nodes>
    <Node a="0.040103812" type="GR">-120.1,37.4,0.0</Node>
    <Node a="0.040103812" type="GR">-120.0,37.4,0.0</Node>
    <Node a="0.040103812" type="GR">-119.9,37.4,0.0</Node>
    <Node a="0.040050216" type="GR">-120.2,37.5,0.0</Node>
    <Node a="0.040050216" type="GR">-120.1,37.5,0.0</Node>
    <Node a="0.040050216" type="GR">-120.0,37.5,0.0</Node>
    <Node a="0.039996538" type="GR">-120.3,37.6,0.0</Node>
    <Node a="0.039996538" type="GR">-120.2,37.6,0.0</Node>
    <Node a="0.039996538" type="GR">-120.1,37.6,0.0</Node>
    <Node a="0.039942715" type="GR">-120.4,37.7,0.0</Node>
    <Node a="0.039942715" type="GR">-120.3,37.7,0.0</Node>
    <Node a="0.039942715" type="GR">-120.2,37.7,0.0</Node>
    <Node a="0.039942715" type="GR">-120.1,37.7,0.0</Node>
    <Node a="0.039888766" type="GR">-120.5,37.8,0.0</Node>
    <Node a="0.039888766" type="GR">-120.4,37.8,0.0</Node>
    <Node a="0.039888766" type="GR">-120.3,37.8,0.0</Node>
    <Node a="0.039888766" type="GR">-120.2,37.8,0.0</Node>
    <Node a="0.039834712" type="GR">-120.6,37.9,0.0</Node>
    <Node a="0.039834712" type="GR">-120.5,37.9,0.0</Node>
    <Node a="0.039834712" type="GR">-120.4,37.9,0.0</Node>
    <Node a="0.039834712" type="GR">-120.3,37.9,0.0</Node>
    <Node a="0.039780516" type="GR">-120.7,38.0,0.0</Node>
    <Node a="0.039780516" type="GR">-120.6,38.0,0.0</Node>
    <Node a="0.039780516" type="GR">-120.5,38.0,0.0</Node>
    <Node a="0.039780516" type="GR">-120.4,38.0,0.0</Node>
    <Node a="0.03972622" type="GR">-120.7,38.1,0.0</Node>
    <Node a="0.03972622" type="GR">-120.6,38.1,0.0</Node>
    <Node a="0.03972622" type="GR">-120.5,38.1,0.0</Node>
    <Node a="0.039671797" type="GR">-120.8,38.2,0.0</Node>
    <Node a="0.039671797" type="GR">-120.7,38.2,0.0</Node>
    <Node a="0.039671797" type="GR">-120.6,38.2,0.0</Node>
    <Node a="0.039617237" type="GR">-120.9,38.3,0.0</Node>
    <Node a="0.039617237" type="GR">-120.8,38.3,0.0</Node>
    <Node a="0.039617237" type="GR">-120.7,38.3,0.0</Node>
    <Node a="0.039562576" type="GR">-120.9,38.4,0.0</Node>
    <Node a="0.039562576" type="GR">-120.8,38.4,0.0</Node>
    <Node a="0.039507795" type="GR">-121.0,38.5,0.0</Node>
    <Node a="0.039507795" type="GR">-120.9,38.5,0.0</Node>
    <Node a="0.039507795" type="GR">-120.8,38.5,0.0</Node>
    <Node a="0.039452873" type="GR">-121.0,38.6,0.0</Node>
    <Node a="0.039452873" type="GR">-120.9,38.6,0.0</Node>
    <Node a="0.039452873" type="GR">-120.8,38.6,0.0</Node>
    <Node a="0.039397854" type="GR">-121.1,38.7,0.0</Node>
    <Node a="0.039397854" type="GR">-121.0,38.7,0.0</Node>
    <Node a="0.039397854" type="GR">-120.9,38.7,0.0</Node>
    <Node a="0.039397854" type="GR">-120.8,38.7,0.0</Node>
    <Node a="0.039342698" type="GR">-121.1,38.8,0.0</Node>
    <Node a="0.039342698" type="GR">-121.0,38.8,0.0</Node>
    <Node a="0.039342698" type="GR">-120.9,38.8,0.0</Node>
    <Node a="0.039342698" type="GR">-120.8,38.8,0.0</Node>
    <Node a="0.039287422" type="GR">-121.1,38.9,0.0</Node>
    <Node a="0.039287422" type="GR">-121.0,38.9,0.0</Node>
    <Node a="0.039287422" type="GR">-120.9,38.9,0.0</Node>
    <Node a="0.039287422" type="GR">-120.8,38.9,0.0</Node>
    <Node a="0.039232031" type="GR">-121.2,39.0,0.0</Node>
    <Node a="0.039232031" type="GR">-121.1,39.0,0.0</Node>
    <Node a="0.039232031" type="GR">-121.0,39.0,0.0</Node>
    <Node a="0.039232031" type="GR">-120.9,39.0,0.0</Node>
    <Node a="0.039232031" type="GR">-120.8,39.0,0.0</Node>
    <Node a="0.039176546" type="GR">-121.3,39.1,0.0</Node>
    <Node a="0.039176546" type="GR">-121.2,39.1,0.0</Node>
    <Node a="0.039176546" type="GR">-121.1,39.1,0.0</Node>
    <Node a="0.039176546" type="GR">-121.0,39.1,0.0</Node>
    <Node a="0.039176546" type="GR">-120.9,39.1,0.0</Node>
    <Node a="0.039176546" type="GR">-120.8,39.1,0.0</Node>
    <Node a="0.039120905" type="GR">-121.3,39.2,0.0</Node>
    <Node a="0.039120905" type="GR">-121.2,39.2,0.0</Node>
    <Node a="0.039120905" type="GR">-121.1,39.2,0.0</Node>
    <Node a="0.039120905" type="GR">-121.0,39.2,0.0</Node>
    <Node a="0.039120905" type="GR">-120.9,39.2,0.0</Node>
    <Node a="0.039120905" type="GR">-120.8,39.2,0.0</Node>
    <Node a="0.039065171" type="GR">-121.4,39.3,0.0</Node>
    <Node a="0.039065171" type="GR">-121.3,39.3,0.0</Node>
    <Node a="0.039065171" type="GR">-121.2,39.3,0.0</Node>
    <Node a="0.039065171" type="GR">-121.1,39.3,0.0</Node>
    <Node a="0.039065171" type="GR">-121.0,39.3,0.0</Node>
    <Node a="0.039065171" type="GR">-120.9,39.3,0.0</Node>
    <Node a="0.039065171" type="GR">-120.8,39.3,0.0</Node>
    <Node a="0.039009299" type="GR">-121.5,39.4,0.0</Node>
    <Node a="0.039009299" type="GR">-121.4,39.4,0.0</Node>
    <Node a="0.039009299" type="GR">-121.3,39.4,0.0</Node>
    <Node a="0.039009299" type="GR">-121.2,39.4,0.0</Node>
    <Node a="0.039009299" type="GR">-121.1,39.4,0.0</Node>
    <Node a="0.039009299" type="GR">-121.0,39.4,0.0</Node>
    <Node a="0.039009299" type="GR">-120.9,39.4,0.0</Node>
    <Node a="0.039009299" type="GR">-120.8,39.4,0.0</Node>
    <Node a="0.038953319" type="GR">-121.6,39.5,0.0</Node>
    <Node a="0.038953319" type="GR">-121.5,39.5,0.0</Node>
    <Node a="0.038953319" type="GR">-121.4,39.5,0.0</Node>
    <Node a="0.038953319" type="GR">-121.3,39.5,0.0</Node>
    <Node a="0.038953319" type="GR">-121.2,39.5,0.0</Node>
    <Node a="0.038953319" type="GR">-121.1,39.5,0.0</Node>
    <Node a="0.038953319" type="GR">-121.0,39.5,0.0</Node>
    <Node a="0.038953319" type="GR">-120.9,39.5,0.0</Node>
    <Node a="0.038897201" type="GR">-121.6,39.6,0.0</Node>
    <Node a="0.038897201" type="GR">-121.5,39.6,0.0</Node>
    <Node a="0.038897201" type="GR">-121.4,39.6,0.0</Node>
    <Node a="0.038897201" type="GR">-121.3,39.6,0.0</Node>
    <Node a="0.038897201" type="GR">-121.2,39.6,0.0</Node>
    <Node a="0.038897201" type="GR">-121.1,39.6,0.0</Node>
    <Node a="0.038897201" type="GR">-121.0,39.6,0.0</Node>
    <Node a="0.038897201" type="GR">-120.9,39.6,0.0</Node>
    <Node a="0.038840998" type="GR">-121.7,39.7,0.0</Node>
    <Node a="0.038840998" type="GR">-121.6,39.7,0.0</Node>
    <Node a="0.038840998" type="GR">-121.5,39.7,0.0</Node>
    <Node a="0.038840998" type="GR">-121.4,39.7,0.0</Node>
    <Node a="0.038840998" type="GR">-121.3,39.7,0.0</Node>
    <Node a="0.038840998" type="GR">-121.2,39.7,0.0</Node>
    <Node a="0.038840998" type="GR">-121.1,39.7,0.0</Node>
    <Node a="0.038840998" type="GR">-121.0,39.7,0.0</Node>
    <Node a="0.038784638" type="GR">-121.8,39.8,0.0</Node>
    <Node a="0.038784638" type="GR">-121.7,39.8,0.0</Node>
    <Node a="0.038784638" type="GR">-121.6,39.8,0.0</Node>
    <Node a="0.038784638" type="GR">-121.5,39.8,0.0</Node>
    <Node a="0.038784638" type="GR">-121.4,39.8,0.0</Node>
    <Node a="0.038784638" type="GR">-121.3,39.8,0.0</Node>
    <Node a="0.038784638" type="GR">-121.2,39.8,0.0</Node>
    <Node a="0.038728192" type="GR">-121.9,39.9,0.0</Node>
    <Node a="0.038728192" type="GR">-121.8,39.9,0.0</Node>
    <Node a="0.038728192" type="GR">-121.7,39.9,0.0</Node>
    <Node a="0.038728192" type="GR">-121.6,39.9,0.0</Node>
    <Node a="0.038728192" type="GR">-121.5,39.9,0.0</Node>
    <Node a="0.038728192" type="GR">-121.4,39.9,0.0</Node>
    <Node a="0.038671616" type="GR">-121.9,40.0,0.0</Node>
    <Node a="0.038671616" type="GR">-121.8,40.0,0.0</Node>
    <Node a="0.038671616" type="GR">-121.7,40.0,0.0</Node>
    <Node a="0.038671616" type="GR">-121.6,40.0,0.0</Node>
    <Node a="0.03861491" type="GR">-122.0,40.1,0.0</Node>
    <Node a="0.03861491" type="GR">-121.9,40.1,0.0</Node>
    <Node a="0.03861491" type="GR">-121.8,40.1,0.0</Node>
    <Node a="0.03861491" type="GR">-121.7,40.1,0.0</Node>
    <Node a="0.038558118" type="GR">-122.1,40.2,0.0</Node>
    <Node a="0.038558118" type="GR">-122.0,40.2,0.0</Node>
    <Node a="0.038558118" type="GR">-121.9,40.2,0.0</Node>
    <Node a="0.038558118" type="GR">-121.8,40.2,0.0</Node>
    <Node a="0.038501177" type="GR">-122.0,40.3,0.0</Node>
    <Node a="0.038501177" type="GR">-121.9,40.3,0.0</Node>
  </Nodes>
</GridSourceSet>
