<?xml version="1.0" encoding="UTF-8" standalone="yes"?>
<GridSourceSet id="-1" name="shear2.in" weight="1.0">
  <!-- This model is an example and for review purposes only -->
  <!-- Original source file: shear2.in -->
  <Settings>
    <DefaultMfds>
      <IncrementalMfd a="0.0" b="0.8" dMag="0.1" mMax="7.55" mMin="6.55" type="GR" weight="1.0"/>
    </DefaultMfds>
    <SourceProperties focalMechMap="[STRIKE_SLIP:1.0,NORMAL:0.0,REVERSE:0.0]" magDepthMap="[6.5::[5.0:1.0]; 10.0::[1.0:1.0]]" maxDepth="14.0" ruptureScaling="NSHM_POINT_WC94_LENGTH" strike="335.0"/>
  </Settings>
  <Nodes>
    <Node a="0.48192936" type="GR">-121.3,40.0,0.0</Node>
    <Node a="0.48192936" type="GR">-121.2,40.0,0.0</Node>
    <Node a="0.48122296" type="GR">-121.4,40.1,0.0</Node>
    <Node a="0.48122296" type="GR">-121.3,40.1,0.0</Node>
    <Node a="0.48122296" type="GR">-121.2,40.1,0.0</Node>
    <Node a="0.48122296" type="GR">-121.1,40.1,0.0</Node>
    <Node a="0.48122296" type="GR">-121.0,40.1,0.0</Node>
    <Node a="0.48051494" type="GR">-121.4,40.2,0.0</Node>
    <Node a="0.48051494" type="GR">-121.3,40.2,0.0</Node>
    <Node a="0.48051494" type="GR">-121.2,40.2,0.0</Node>
    <Node a="0.48051494" type="GR">-121.1,40.2,0.0</Node>
    <Node a="0.48051494" type="GR">-121.0,40.2,0.0</Node>
    <Node a="0.48051494" type="GR">-120.9,40.2,0.0</Node>
    <Node a="0.47980562" type="GR">-121.5,40.3,0.0</Node>
    <Node a="0.47980562" type="GR">-121.4,40.3,0.0</Node>
    <Node a="0.47980562" type="GR">-121.3,40.3,0.0</Node>
    <Node a="0.47980562" type="GR">-121.2,40.3,0.0</Node>
    <Node a="0.47980562" type="GR">-121.1,40.3,0.0</Node>
    <Node a="0.47980562" type="GR">-121.0,40.3,0.0</Node>
    <Node a="0.47980562" type="GR">-120.9,40.3,0.0</Node>
    <Node a="0.47980562" type="GR">-120.8,40.3,0.0</Node>
    <Node a="0.47980562" type="GR">-120.7,40.3,0.0</Node>
    <Node a="0.47909468" type="GR">-121.6,40.4,0.0</Node>
    <Node a="0.47909468" type="GR">-121.5,40.4,0.0</Node>
    <Node a="0.47909468" type="GR">-121.4,40.4,0.0</Node>
    <Node a="0.47909468" type="GR">-121.3,40.4,0.0</Node>
    <Node a="0.47909468" type="GR">-121.2,40.4,0.0</Node>
    <Node a="0.47909468" type="GR">-121.1,40.4,0.0</Node>
    <Node a="0.47909468" type="GR">-121.0,40.4,0.0</Node>
    <Node a="0.47909468" type="GR">-120.9,40.4,0.0</Node>
    <Node a="0.47909468" type="GR">-120.8,40.4,0.0</Node>
    <Node a="0.47909468" type="GR">-120.7,40.4,0.0</Node>
    <Node a="0.47909468" type="GR">-120.6,40.4,0.0</Node>
    <Node a="0.4783822" type="GR">-121.7,40.5,0.0</Node>
    <Node a="0.4783822" type="GR">-121.6,40.5,0.0</Node>
    <Node a="0.4783822" type="GR">-121.5,40.5,0.0</Node>
    <Node a="0.4783822" type="GR">-121.4,40.5,0.0</Node>
    <Node a="0.4783822" type="GR">-121.3,40.5,0.0</Node>
    <Node a="0.4783822" type="GR">-121.2,40.5,0.0</Node>
    <Node a="0.4783822" type="GR">-121.1,40.5,0.0</Node>
    <Node a="0.4783822" type="GR">-121.0,40.5,0.0</Node>
    <Node a="0.4783822" type="GR">-120.9,40.5,0.0</Node>
    <Node a="0.4783822" type="GR">-120.8,40.5,0.0</Node>
    <Node a="0.4783822" type="GR">-120.7,40.5,0.0</Node>
    <Node a="0.4783822" type="GR">-120.6,40.5,0.0</Node>
    <Node a="0.4783822" type="GR">-120.5,40.5,0.0</Node>
    <Node a="0.47766837" type="GR">-121.8,40.6,0.0</Node>
    <Node a="0.47766837" type="GR">-121.7,40.6,0.0</Node>
    <Node a="0.47766837" type="GR">-121.6,40.6,0.0</Node>
    <Node a="0.47766837" type="GR">-121.5,40.6,0.0</Node>
    <Node a="0.47766837" type="GR">-121.4,40.6,0.0</Node>
    <Node a="0.47766837" type="GR">-121.3,40.6,0.0</Node>
    <Node a="0.47766837" type="GR">-121.2,40.6,0.0</Node>
    <Node a="0.47766837" type="GR">-121.1,40.6,0.0</Node>
    <Node a="0.47766837" type="GR">-121.0,40.6,0.0</Node>
    <Node a="0.47766837" type="GR">-120.9,40.6,0.0</Node>
    <Node a="0.47766837" type="GR">-120.8,40.6,0.0</Node>
    <Node a="0.47766837" type="GR">-120.7,40.6,0.0</Node>
    <Node a="0.47766837" type="GR">-120.6,40.6,0.0</Node>
    <Node a="0.47766837" type="GR">-120.5,40.6,0.0</Node>
    <Node a="0.47766837" type="GR">-120.4,40.6,0.0</Node>
    <Node a="0.47766837" type="GR">-120.3,40.6,0.0</Node>
    <Node a="0.47695303" type="GR">-121.9,40.7,0.0</Node>
    <Node a="0.47695303" type="GR">-121.8,40.7,0.0</Node>
    <Node a="0.47695303" type="GR">-121.7,40.7,0.0</Node>
    <Node a="0.47695303" type="GR">-121.6,40.7,0.0</Node>
    <Node a="0.47695303" type="GR">-121.5,40.7,0.0</Node>
    <Node a="0.47695303" type="GR">-121.4,40.7,0.0</Node>
    <Node a="0.47695303" type="GR">-121.3,40.7,0.0</Node>
    <Node a="0.47695303" type="GR">-121.2,40.7,0.0</Node>
    <Node a="0.47695303" type="GR">-121.1,40.7,0.0</Node>
    <Node a="0.47695303" type="GR">-121.0,40.7,0.0</Node>
    <Node a="0.47695303" type="GR">-120.9,40.7,0.0</Node>
    <Node a="0.47695303" type="GR">-120.8,40.7,0.0</Node>
    <Node a="0.47695303" type="GR">-120.7,40.7,0.0</Node>
    <Node a="0.47695303" type="GR">-120.6,40.7,0.0</Node>
    <Node a="0.47695303" type="GR">-120.5,40.7,0.0</Node>
    <Node a="0.47695303" type="GR">-120.4,40.7,0.0</Node>
    <Node a="0.47695303" type="GR">-120.3,40.7,0.0</Node>
    <Node a="0.47695303" type="GR">-120.2,40.7,0.0</Node>
    <Node a="0.4762364" type="GR">-122.0,40.8,0.0</Node>
    <Node a="0.4762364" type="GR">-121.9,40.8,0.0</Node>
    <Node a="0.4762364" type="GR">-121.8,40.8,0.0</Node>
    <Node a="0.4762364" type="GR">-121.7,40.8,0.0</Node>
    <Node a="0.4762364" type="GR">-121.6,40.8,0.0</Node>
    <Node a="0.4762364" type="GR">-121.5,40.8,0.0</Node>
    <Node a="0.4762364" type="GR">-121.4,40.8,0.0</Node>
    <Node a="0.4762364" type="GR">-121.3,40.8,0.0</Node>
    <Node a="0.4762364" type="GR">-121.2,40.8,0.0</Node>
    <Node a="0.4762364" type="GR">-121.1,40.8,0.0</Node>
    <Node a="0.4762364" type="GR">-121.0,40.8,0.0</Node>
    <Node a="0.4762364" type="GR">-120.9,40.8,0.0</Node>
    <Node a="0.4762364" type="GR">-120.8,40.8,0.0</Node>
    <Node a="0.4762364" type="GR">-120.7,40.8,0.0</Node>
    <Node a="0.4762364" type="GR">-120.6,40.8,0.0</Node>
    <Node a="0.4762364" type="GR">-120.5,40.8,0.0</Node>
    <Node a="0.4762364" type="GR">-120.4,40.8,0.0</Node>
    <Node a="0.4762364" type="GR">-120.3,40.8,0.0</Node>
    <Node a="0.47551823" type="GR">-122.1,40.9,0.0</Node>
    <Node a="0.47551823" type="GR">-122.0,40.9,0.0</Node>
    <Node a="0.47551823" type="GR">-121.9,40.9,0.0</Node>
    <Node a="0.47551823" type="GR">-121.8,40.9,0.0</Node>
    <Node a="0.47551823" type="GR">-121.7,40.9,0.0</Node>
    <Node a="0.47551823" type="GR">-121.6,40.9,0.0</Node>
    <Node a="0.47551823" type="GR">-121.5,40.9,0.0</Node>
    <Node a="0.47551823" type="GR">-121.4,40.9,0.0</Node>
    <Node a="0.47551823" type="GR">-121.3,40.9,0.0</Node>
    <Node a="0.47551823" type="GR">-121.2,40.9,0.0</Node>
    <Node a="0.47551823" type="GR">-121.1,40.9,0.0</Node>
    <Node a="0.47551823" type="GR">-121.0,40.9,0.0</Node>
    <Node a="0.47551823" type="GR">-120.9,40.9,0.0</Node>
    <Node a="0.47551823" type="GR">-120.8,40.9,0.0</Node>
    <Node a="0.47551823" type="GR">-120.7,40.9,0.0</Node>
    <Node a="0.47551823" type="GR">-120.6,40.9,0.0</Node>
    <Node a="0.47551823" type="GR">-120.5,40.9,0.0</Node>
    <Node a="0.47551823" type="GR">-120.4,40.9,0.0</Node>
    <Node a="0.47551823" type="GR">-120.3,40.9,0.0</Node>
    <Node a="0.47479856" type="GR">-122.2,41.0,0.0</Node>
    <Node a="0.47479856" type="GR">-122.1,41.0,0.0</Node>
    <Node a="0.47479856" type="GR">-122.0,41.0,0.0</Node>
    <Node a="0.47479856" type="GR">-121.9,41.0,0.0</Node>
    <Node a="0.47479856" type="GR">-121.8,41.0,0.0</Node>
    <Node a="0.47479856" type="GR">-121.7,41.0,0.0</Node>
    <Node a="0.47479856" type="GR">-121.6,41.0,0.0</Node>
    <Node a="0.47479856" type="GR">-121.5,41.0,0.0</Node>
    <Node a="0.47479856" type="GR">-121.4,41.0,0.0</Node>
    <Node a="0.47479856" type="GR">-121.3,41.0,0.0</Node>
    <Node a="0.47479856" type="GR">-121.2,41.0,0.0</Node>
    <Node a="0.47479856" type="GR">-121.1,41.0,0.0</Node>
    <Node a="0.47479856" type="GR">-121.0,41.0,0.0</Node>
    <Node a="0.47479856" type="GR">-120.9,41.0,0.0</Node>
    <Node a="0.47479856" type="GR">-120.8,41.0,0.0</Node>
    <Node a="0.47479856" type="GR">-120.7,41.0,0.0</Node>
    <Node a="0.47479856" type="GR">-120.6,41.0,0.0</Node>
    <Node a="0.47479856" type="GR">-120.5,41.0,0.0</Node>
    <Node a="0.47479856" type="GR">-120.4,41.0,0.0</Node>
    <Node a="0.47407734" type="GR">-122.3,41.1,0.0</Node>
    <Node a="0.47407734" type="GR">-122.2,41.1,0.0</Node>
    <Node a="0.47407734" type="GR">-122.1,41.1,0.0</Node>
    <Node a="0.47407734" type="GR">-122.0,41.1,0.0</Node>
    <Node a="0.47407734" type="GR">-121.9,41.1,0.0</Node>
    <Node a="0.47407734" type="GR">-121.8,41.1,0.0</Node>
    <Node a="0.47407734" type="GR">-121.7,41.1,0.0</Node>
    <Node a="0.47407734" type="GR">-121.6,41.1,0.0</Node>
    <Node a="0.47407734" type="GR">-121.5,41.1,0.0</Node>
    <Node a="0.47407734" type="GR">-121.4,41.1,0.0</Node>
    <Node a="0.47407734" type="GR">-121.3,41.1,0.0</Node>
    <Node a="0.47407734" type="GR">-121.2,41.1,0.0</Node>
    <Node a="0.47407734" type="GR">-121.1,41.1,0.0</Node>
    <Node a="0.47407734" type="GR">-121.0,41.1,0.0</Node>
    <Node a="0.47407734" type="GR">-120.9,41.1,0.0</Node>
    <Node a="0.47407734" type="GR">-120.8,41.1,0.0</Node>
    <Node a="0.47407734" type="GR">-120.7,41.1,0.0</Node>
    <Node a="0.47407734" type="GR">-120.6,41.1,0.0</Node>
    <Node a="0.47407734" type="GR">-120.5,41.1,0.0</Node>
    <Node a="0.47335491" type="GR">-122.4,41.2,0.0</Node>
    <Node a="0.47335491" type="GR">-122.3,41.2,0.0</Node>
    <Node a="0.47335491" type="GR">-122.2,41.2,0.0</Node>
    <Node a="0.47335491" type="GR">-122.1,41.2,0.0</Node>
    <Node a="0.47335491" type="GR">-122.0,41.2,0.0</Node>
    <Node a="0.47335491" type="GR">-121.9,41.2,0.0</Node>
    <Node a="0.47335491" type="GR">-121.8,41.2,0.0</Node>
    <Node a="0.47335491" type="GR">-121.7,41.2,0.0</Node>
    <Node a="0.47335491" type="GR">-121.6,41.2,0.0</Node>
    <Node a="0.47335491" type="GR">-121.5,41.2,0.0</Node>
    <Node a="0.47335491" type="GR">-121.4,41.2,0.0</Node>
    <Node a="0.47335491" type="GR">-121.3,41.2,0.0</Node>
    <Node a="0.47335491" type="GR">-121.2,41.2,0.0</Node>
    <Node a="0.47335491" type="GR">-121.1,41.2,0.0</Node>
    <Node a="0.47335491" type="GR">-121.0,41.2,0.0</Node>
    <Node a="0.47335491" type="GR">-120.9,41.2,0.0</Node>
    <Node a="0.47335491" type="GR">-120.8,41.2,0.0</Node>
    <Node a="0.47335491" type="GR">-120.7,41.2,0.0</Node>
    <Node a="0.47335491" type="GR">-120.6,41.2,0.0</Node>
    <Node a="0.47335491" type="GR">-120.5,41.2,0.0</Node>
    <Node a="0.47263095" type="GR">-122.4,41.3,0.0</Node>
    <Node a="0.47263095" type="GR">-122.3,41.3,0.0</Node>
    <Node a="0.47263095" type="GR">-122.2,41.3,0.0</Node>
    <Node a="0.47263095" type="GR">-122.1,41.3,0.0</Node>
    <Node a="0.47263095" type="GR">-122.0,41.3,0.0</Node>
    <Node a="0.47263095" type="GR">-121.9,41.3,0.0</Node>
    <Node a="0.47263095" type="GR">-121.8,41.3,0.0</Node>
    <Node a="0.47263095" type="GR">-121.7,41.3,0.0</Node>
    <Node a="0.47263095" type="GR">-121.6,41.3,0.0</Node>
    <Node a="0.47263095" type="GR">-121.5,41.3,0.0</Node>
    <Node a="0.47263095" type="GR">-121.4,41.3,0.0</Node>
    <Node a="0.47263095" type="GR">-121.3,41.3,0.0</Node>
    <Node a="0.47263095" type="GR">-121.2,41.3,0.0</Node>
    <Node a="0.47263095" type="GR">-121.1,41.3,0.0</Node>
    <Node a="0.47263095" type="GR">-121.0,41.3,0.0</Node>
    <Node a="0.47263095" type="GR">-120.9,41.3,0.0</Node>
    <Node a="0.47263095" type="GR">-120.8,41.3,0.0</Node>
    <Node a="0.47263095" type="GR">-120.7,41.3,0.0</Node>
    <Node a="0.47263095" type="GR">-120.6,41.3,0.0</Node>
    <Node a="0.47190553" type="GR">-122.5,41.4,0.0</Node>
    <Node a="0.47190553" type="GR">-122.4,41.4,0.0</Node>
    <Node a="0.47190553" type="GR">-122.3,41.4,0.0</Node>
    <Node a="0.47190553" type="GR">-122.2,41.4,0.0</Node>
    <Node a="0.47190553" type="GR">-122.1,41.4,0.0</Node>
    <Node a="0.47190553" type="GR">-122.0,41.4,0.0</Node>
    <Node a="0.47190553" type="GR">-121.9,41.4,0.0</Node>
    <Node a="0.47190553" type="GR">-121.8,41.4,0.0</Node>
    <Node a="0.47190553" type="GR">-121.7,41.4,0.0</Node>
    <Node a="0.47190553" type="GR">-121.6,41.4,0.0</Node>
    <Node a="0.47190553" type="GR">-121.5,41.4,0.0</Node>
    <Node a="0.47190553" type="GR">-121.4,41.4,0.0</Node>
    <Node a="0.47190553" type="GR">-121.3,41.4,0.0</Node>
    <Node a="0.47190553" type="GR">-121.2,41.4,0.0</Node>
    <Node a="0.47190553" type="GR">-121.1,41.4,0.0</Node>
    <Node a="0.47190553" type="GR">-121.0,41.4,0.0</Node>
    <Node a="0.47190553" type="GR">-120.9,41.4,0.0</Node>
    <Node a="0.47190553" type="GR">-120.8,41.4,0.0</Node>
    <Node a="0.47190553" type="GR">-120.7,41.4,0.0</Node>
    <Node a="0.47117862" type="GR">-122.6,41.5,0.0</Node>
    <Node a="0.47117862" type="GR">-122.5,41.5,0.0</Node>
    <Node a="0.47117862" type="GR">-122.4,41.5,0.0</Node>
    <Node a="0.47117862" type="GR">-122.3,41.5,0.0</Node>
    <Node a="0.47117862" type="GR">-122.2,41.5,0.0</Node>
    <Node a="0.47117862" type="GR">-122.1,41.5,0.0</Node>
    <Node a="0.47117862" type="GR">-122.0,41.5,0.0</Node>
    <Node a="0.47117862" type="GR">-121.9,41.5,0.0</Node>
    <Node a="0.47117862" type="GR">-121.8,41.5,0.0</Node>
    <Node a="0.47117862" type="GR">-121.7,41.5,0.0</Node>
    <Node a="0.47117862" type="GR">-121.6,41.5,0.0</Node>
    <Node a="0.47117862" type="GR">-121.5,41.5,0.0</Node>
    <Node a="0.47117862" type="GR">-121.4,41.5,0.0</Node>
    <Node a="0.47117862" type="GR">-121.3,41.5,0.0</Node>
    <Node a="0.47117862" type="GR">-121.2,41.5,0.0</Node>
    <Node a="0.47117862" type="GR">-121.1,41.5,0.0</Node>
    <Node a="0.47117862" type="GR">-121.0,41.5,0.0</Node>
    <Node a="0.47117862" type="GR">-120.9,41.5,0.0</Node>
    <Node a="0.47117862" type="GR">-120.8,41.5,0.0</Node>
    <Node a="0.47045052" type="GR">-122.7,41.6,0.0</Node>
    <Node a="0.47045052" type="GR">-122.6,41.6,0.0</Node>
    <Node a="0.47045052" type="GR">-122.5,41.6,0.0</Node>
    <Node a="0.47045052" type="GR">-122.4,41.6,0.0</Node>
    <Node a="0.47045052" type="GR">-122.3,41.6,0.0</Node>
    <Node a="0.47045052" type="GR">-122.2,41.6,0.0</Node>
    <Node a="0.47045052" type="GR">-122.1,41.6,0.0</Node>
    <Node a="0.47045052" type="GR">-122.0,41.6,0.0</Node>
    <Node a="0.47045052" type="GR">-121.9,41.6,0.0</Node>
    <Node a="0.47045052" type="GR">-121.8,41.6,0.0</Node>
    <Node a="0.47045052" type="GR">-121.7,41.6,0.0</Node>
    <Node a="0.47045052" type="GR">-121.6,41.6,0.0</Node>
    <Node a="0.47045052" type="GR">-121.5,41.6,0.0</Node>
    <Node a="0.47045052" type="GR">-121.4,41.6,0.0</Node>
    <Node a="0.47045052" type="GR">-121.3,41.6,0.0</Node>
    <Node a="0.47045052" type="GR">-121.2,41.6,0.0</Node>
    <Node a="0.47045052" type="GR">-121.1,41.6,0.0</Node>
    <Node a="0.47045052" type="GR">-121.0,41.6,0.0</Node>
    <Node a="0.47045052" type="GR">-120.9,41.6,0.0</Node>
    <Node a="0.47045052" type="GR">-120.8,41.6,0.0</Node>
    <Node a="0.46972072" type="GR">-122.8,41.7,0.0</Node>
    <Node a="0.46972072" type="GR">-122.7,41.7,0.0</Node>
    <Node a="0.46972072" type="GR">-122.6,41.7,0.0</Node>
    <Node a="0.46972072" type="GR">-122.5,41.7,0.0</Node>
    <Node a="0.46972072" type="GR">-122.4,41.7,0.0</Node>
    <Node a="0.46972072" type="GR">-122.3,41.7,0.0</Node>
    <Node a="0.46972072" type="GR">-122.2,41.7,0.0</Node>
    <Node a="0.46972072" type="GR">-122.1,41.7,0.0</Node>
    <Node a="0.46972072" type="GR">-122.0,41.7,0.0</Node>
    <Node a="0.46972072" type="GR">-121.9,41.7,0.0</Node>
    <Node a="0.46972072" type="GR">-121.8,41.7,0.0</Node>
    <Node a="0.46972072" type="GR">-121.7,41.7,0.0</Node>
    <Node a="0.46972072" type="GR">-121.6,41.7,0.0</Node>
    <Node a="0.46972072" type="GR">-121.5,41.7,0.0</Node>
    <Node a="0.46972072" type="GR">-121.4,41.7,0.0</Node>
    <Node a="0.46972072" type="GR">-121.3,41.7,0.0</Node>
    <Node a="0.46972072" type="GR">-121.2,41.7,0.0</Node>
    <Node a="0.46972072" type="GR">-121.1,41.7,0.0</Node>
    <Node a="0.46972072" type="GR">-121.0,41.7,0.0</Node>
    <Node a="0.46972072" type="GR">-120.9,41.7,0.0</Node>
    <Node a="0.46898946" type="GR">-122.9,41.8,0.0</Node>
    <Node a="0.46898946" type="GR">-122.8,41.8,0.0</Node>
    <Node a="0.46898946" type="GR">-122.7,41.8,0.0</Node>
    <Node a="0.46898946" type="GR">-122.6,41.8,0.0</Node>
    <Node a="0.46898946" type="GR">-122.5,41.8,0.0</Node>
    <Node a="0.46898946" type="GR">-122.4,41.8,0.0</Node>
    <Node a="0.46898946" type="GR">-122.3,41.8,0.0</Node>
    <Node a="0.46898946" type="GR">-122.2,41.8,0.0</Node>
    <Node a="0.46898946" type="GR">-122.1,41.8,0.0</Node>
    <Node a="0.46898946" type="GR">-122.0,41.8,0.0</Node>
    <Node a="0.46898946" type="GR">-121.9,41.8,0.0</Node>
    <Node a="0.46898946" type="GR">-121.8,41.8,0.0</Node>
    <Node a="0.46898946" type="GR">-121.7,41.8,0.0</Node>
    <Node a="0.46898946" type="GR">-121.6,41.8,0.0</Node>
    <Node a="0.46898946" type="GR">-121.5,41.8,0.0</Node>
    <Node a="0.46898946" type="GR">-121.4,41.8,0.0</Node>
    <Node a="0.46898946" type="GR">-121.3,41.8,0.0</Node>
    <Node a="0.46898946" type="GR">-121.2,41.8,0.0</Node>
    <Node a="0.46898946" type="GR">-121.1,41.8,0.0</Node>
    <Node a="0.46898946" type="GR">-121.0,41.8,0.0</Node>
    <Node a="0.46825704" type="GR">-122.9,41.9,0.0</Node>
    <Node a="0.46825704" type="GR">-122.8,41.9,0.0</Node>
    <Node a="0.46825704" type="GR">-122.7,41.9,0.0</Node>
    <Node a="0.46825704" type="GR">-122.6,41.9,0.0</Node>
    <Node a="0.46825704" type="GR">-122.5,41.9,0.0</Node>
    <Node a="0.46825704" type="GR">-122.4,41.9,0.0</Node>
    <Node a="0.46825704" type="GR">-122.3,41.9,0.0</Node>
    <Node a="0.46825704" type="GR">-122.2,41.9,0.0</Node>
    <Node a="0.46825704" type="GR">-122.1,41.9,0.0</Node>
    <Node a="0.46825704" type="GR">-122.0,41.9,0.0</Node>
    <Node a="0.46825704" type="GR">-121.9,41.9,0.0</Node>
    <Node a="0.46825704" type="GR">-121.8,41.9,0.0</Node>
    <Node a="0.46825704" type="GR">-121.7,41.9,0.0</Node>
    <Node a="0.46825704" type="GR">-121.6,41.9,0.0</Node>
    <Node a="0.46825704" type="GR">-121.5,41.9,0.0</Node>
    <Node a="0.46825704" type="GR">-121.4,41.9,0.0</Node>
    <Node a="0.46825704" type="GR">-121.3,41.9,0.0</Node>
    <Node a="0.46825704" type="GR">-121.2,41.9,0.0</Node>
    <Node a="0.46825704" type="GR">-121.1,41.9,0.0</Node>
    <Node a="0.46825704" type="GR">-121.0,41.9,0.0</Node>
    <Node a="0.46752292" type="GR">-122.6,42.0,0.0</Node>
    <Node a="0.46752292" type="GR">-122.5,42.0,0.0</Node>
    <Node a="0.46752292" type="GR">-122.4,42.0,0.0</Node>
    <Node a="0.46752292" type="GR">-122.3,42.0,0.0</Node>
    <Node a="0.46752292" type="GR">-122.2,42.0,0.0</Node>
    <Node a="0.46752292" type="GR">-122.1,42.0,0.0</Node>
    <Node a="0.46752292" type="GR">-122.0,42.0,0.0</Node>
    <Node a="0.46752292" type="GR">-121.9,42.0,0.0</Node>
    <Node a="0.46752292" type="GR">-121.8,42.0,0.0</Node>
    <Node a="0.46752292" type="GR">-121.7,42.0,0.0</Node>
    <Node a="0.46752292" type="GR">-121.6,42.0,0.0</Node>
    <Node a="0.46752292" type="GR">-121.5,42.0,0.0</Node>
    <Node a="0.46752292" type="GR">-121.4,42.0,0.0</Node>
    <Node a="0.46752292" type="GR">-121.3,42.0,0.0</Node>
    <Node a="0.46752292" type="GR">-121.2,42.0,0.0</Node>
    <Node a="0.46752292" type="GR">-121.1,42.0,0.0</Node>
    <Node a="0.46678764" type="GR">-122.4,42.1,0.0</Node>
    <Node a="0.46678764" type="GR">-122.3,42.1,0.0</Node>
    <Node a="0.46678764" type="GR">-122.2,42.1,0.0</Node>
    <Node a="0.46678764" type="GR">-122.1,42.1,0.0</Node>
    <Node a="0.46678764" type="GR">-122.0,42.1,0.0</Node>
    <Node a="0.46678764" type="GR">-121.9,42.1,0.0</Node>
    <Node a="0.46678764" type="GR">-121.8,42.1,0.0</Node>
    <Node a="0.46678764" type="GR">-121.7,42.1,0.0</Node>
    <Node a="0.46678764" type="GR">-121.6,42.1,0.0</Node>
    <Node a="0.46678764" type="GR">-121.5,42.1,0.0</Node>
    <Node a="0.46678764" type="GR">-121.4,42.1,0.0</Node>
    <Node a="0.46678764" type="GR">-121.3,42.1,0.0</Node>
    <Node a="0.46678764" type="GR">-121.2,42.1,0.0</Node>
    <Node a="0.46605071" type="GR">-122.2,42.2,0.0</Node>
    <Node a="0.46605071" type="GR">-122.1,42.2,0.0</Node>
    <Node a="0.46605071" type="GR">-122.0,42.2,0.0</Node>
    <Node a="0.46605071" type="GR">-121.9,42.2,0.0</Node>
    <Node a="0.46605071" type="GR">-121.8,42.2,0.0</Node>
    <Node a="0.46605071" type="GR">-121.7,42.2,0.0</Node>
    <Node a="0.46605071" type="GR">-121.6,42.2,0.0</Node>
    <Node a="0.46605071" type="GR">-121.5,42.2,0.0</Node>
    <Node a="0.46605071" type="GR">-121.4,42.2,0.0</Node>
    <Node a="0.46605071" type="GR">-121.3,42.2,0.0</Node>
    <Node a="0.46531242" type="GR">-121.9,42.3,0.0</Node>
    <Node a="0.46531242" type="GR">-121.8,42.3,0.0</Node>
    <Node a="0.46531242" type="GR">-121.7,42.3,0.0</Node>
    <Node a="0.46531242" type="GR">-121.6,42.3,0.0</Node>
    <Node a="0.46531242" type="GR">-121.5,42.3,0.0</Node>
    <Node a="0.46531242" type="GR">-121.4,42.3,0.0</Node>
    <Node a="0.46531242" type="GR">-121.3,42.3,0.0</Node>
    <Node a="0.46457273" type="GR">-121.7,42.4,0.0</Node>
    <Node a="0.46457273" type="GR">-121.6,42.4,0.0</Node>
    <Node a="0.46457273" type="GR">-121.5,42.4,0.0</Node>
    <Node a="0.46457273" type="GR">-121.4,42.4,0.0</Node>
    <Node a="0.46383166" type="GR">-121.5,42.5,0.0</Node>
  </Nodes>
</GridSourceSet>
